Zabal,Zadornin,Zagreus,Zamolxis,Zaracas,Zarles,Zebe,Zeledon,Zelimir,Zemarchus,Zenicetes,Zeno,Zenobius,Zenodoros,Zephyrinus,Zernin,Zeru,Zeruko,Zethus,Zeuxidamos,Zeuxis,Zigor,Zilar,Zindel,Zindelo,Zinnridi,Zinzo,Ziper,Zobe,Zohiartze,Zoil,Zoilus,Zoltan,Zorion,Zosimus,Zuhaitz,Zumar,Zunbeltz,Zuri,Zuriko,Zuzen,Zwentibold,Ydevert,Ymbert,Yngerame,Yon,Ypolit,Ypolitus,Yric,Ysembert,Yuli,Yvain,Yve,Yves,Yvet,Yvon,Yvone,Yvonnet,Yvonus,Ywain,Haat,Hab,Habbe,Habbie,Habbo,Habreham,Hacon,Hacun,Hadubrand,Haemon,Hagarih,Hagen,Haggith,Hagias,Hagilo,Hagnon,Haguin,Haiete,Haimirich,Haimmon,Haimo,Haimona,Hairud,Haitz,Hal,Halebran,Halinard,Halisthertes,Halius,Halo,Haluin,Ham,Hamelen,Hamelin,Hameline,Hamelot,Hamen,Hamett,Hamilax,Hamilcar,Hamiscora,Hamlet,Hamlin,Hamlyn,Hammond,Hamnet,Hamon,Hamond,Hamonet,Hampsicora,Hamund,Handi,Hank,Hankin,Hann,Hannes,Hanni,Hannibal,Hannibalianus,Hanno,Hannon,Hano,Hanot,Hanry,Hans-Ruedi,Hapertus,Haquin,Harald,Haraldus,Harber,Harbert,Harchier,Harde,Hardegin,Hardi,Harding,Hardouin,Harduinus,Haribehrt,Hariberct,Hariman,Harimann,Haritz,Haritzeder,Hariwald,Harkaitz,Harm,Harman,Harmatidas,Harmocydes,Harmodios,Harmon,Haroldus,Harpagos,Harpalion,Harpalos,Harpernus,Harpocras,Harri,Harry,Hartmannus,Hartmudus,Hartmut,Hartz,Hary,Hascouf,Hasdrubal,Hats,Hauwe,Haveron,Hawkin,Haymo,Hebert,Hecataeus,Hecelin,Hedlef,Hegesandros,Hegesistratos,Hegetoridas,Hegoi,Heibert,Heidolfus,Heimart,Heimeri,Heimerich,Heimon,Heine,Heinricus,Heinz,Heirax,Heiron,Hektor,Helain,Heldebald,Heldefredus,Helenos,Helfricus,Helgaud,Helgesippos,Helgot,Helicaon,Helinand,Heliodorus,Helios,Helisachar,Helladius,Helle,Helmhart,Helouyn,Heloynet,Hemarc,Hemart,Hemeri,Hemmet,Hemmo,Hemonnet,Hendereye,Hendry,Hene,Henffen,Henfrey,Henko,Hennsmann,Henricus,Henriet,Henriot,Henseus,Hephaestos,Heraclius,Herakleides,Herakleitos,Heraklides,Heral,Herald,Herauso,Herbelot,Herbertus,Herbrand,Herchembaut,Herchier,Herculles,Herebert,Herensuge,Hereuuard,Herewardus,Herewart,Heribehrt,Heribert,Heribrand,Herilo,Heriot,Hérique,Herluin,Herman,Hermangild,Hermannus,Hermeias,Hermenfred,Hermenigild,Hermenion,Herment,Hermeros,Herminafrid,Hermippos,Hermogenes,Hermolaos,Hermolycus,Hermon,Hermongenes,Hermotimos,Hernais,Hernaudin,Hernaut,Hernays,Hernegliscus,Hernouet,Hero,Herodes,Herodianus,Herodion,Herold,Herolt,Heromenes,Herould,Herriot,Herry,Hertwicus,Heruuord,Herve,Herveus,Hervey,Hervi,Herviet,Hervisse,Hervoet,Hervouet,Hervy,Hesdin,Hétouyn,Hetzkinus,Heude,Heudebrand,Heurle,Hew,Hewe,Hewelet,Hewelin,Hewerald,Hewet,Hewlett,Heymeri,Heymon,Hibai,Hibbe,Hibbo,Hicetaon,Hick,Hicket,Hickie,Hiero,Hieronymus,Higg,Hildebad,Hildebald,Hildeberht,Hildebold,Hildebrand,Hildebrandus,Hildebrant,Hildebrondus,Hildegaud,Hildeprand,Hilderic,Hilderith,Hildibrand,Hildigis,Hilduin,Hilfert,Hilmagis,Himel,Himerius,Himi,Himilco,Himnerith,Hincmar,Hinrich,Hipparchos,Hipparinos,Hippasus,Hippias,Hippocoön,Hippoklides,Hippokratides,Hippolytos,Hippomachos,Hippomenes,Hippon,Hipponax,Hipponicus,Hipponous,Hippotas,Hippothous,Hippotion,Hique,Hiram,Hiruz,Hisarna,Hitch,Hitchcock,Hitz,Hitzeder,Hlodver,Hluodohari,Hluodowig,Hnaufridus,Hob,Hobard,Hobb,Hobbie,Hocequin,Hodei,Hodge,Hodgkin,Hohepa,Hoiples,Hokianga,Holger,Holiver,Holo,Homeros,Hone,Honfroi,Honoratus,Honoré,Honorius,Honot,Hootje,Hori,Hosbertus,Hosebert,Hosmundus,Hosmunt,Hotch,Hotu,Hotys,Hotz,Houdart,Houdéet,Houdin,Houdoin,Houdouyn,How,Howard,Howkin,Hraban,Hremfing,Hroch,Hrodebert,Hrodgar,Hrodgaud,Hrodger,Hrodo,Hrodric,Hrodrich,Hrodulf,Hrotmar,Hrudolf,Hruodiger,Hruodland,Hruodpehrt,Huard,Huart,Hubard,Hubelet,Hubertus,Hubie,Huchon,Hud,Hudd,Hudde,Hue,Huebald,Huelin,Huet,Huffie,Hugelin,Huget,Hugethun,Huggett,Huggin,Hugh,Hughoc,Hugi,Hugin,Hugline,Hugo,Hugolinus,Hugon,Huguard,Hugubehrt,Hugubert,Hugue,Huguenin,Hugues,Huguet,Huidelon,Huidemar,Huirangi,Huitace,Hulmul,Humbert,Humfery,Humfredus,Humfrey,Humfridus,Humfrye,Huml,Humph,Humpherus,Humphery,Humphrey,Humpty,Hunald,Hunberct,Huneric,Hunfray,Hunfrid,Hunfridus,Hunigild,Hunimund,Hunout,Hunulf,Hunumund,Huolo,Huon,Huoul,Hupertus,Hurko,Hurmio,Huroin,Hurrey,Hustaz,Hutch,Hutchin,Hyakinthos,Hydatius,Hylas,Hyllos,Hyllus,Hypatius,Hypeirochus,Hypenor,Hyperenor,Hyperion,Hypsenor,Hyrcanus,Hyrtacus,Hyrtius,Kacili,Kadmos,Kaenas,Kaeneus,Kahu,Kahumanu,Kahutea,Kai,Kaiet,Kalchas,Kalesius,Kaletor,Kalliaros,Kallias,Kallikles,Kallikrates,Kallimachos,Kallinicus,Kallinos,Kallipides,Kallipos,Kallisthenes,Kallon,Kameirus,Kamira,Kandaules,Kandaulo,Kannadis,Kapaneus,Kapys,Karipos,Karles,Karmel,Karolus,Karopophores,Kasen,Kasos,Kassandros,Kauldi,Kaunos,Kaxen,Kebalinos,Kebes,Kekrops,Kelemen,Kelmen,Kemen,Kenard,Kendrick,Keneweard,Kenewrec,Kennard,Kenric,Kenricus,Kenweard,Kenwrec,Keop,Keos,Kepa,Kephalon,Kephalos,Kerameikos,Kereama,Kerehi,Kerkyon,Kerrich,Keteus,Kiliz,Kimetz,Kimon,Kirphis,Kismi,Kittos,Klaes,Klaus,Kleitos,Kleobis,Kleomenes,Koert,Kohuru,Koines,Koinos,Koldo,Koldobika,Konon,Koob,Koragos,Korax,Kosmas,Krantor,Krateros,Kreon,Krinippos,Krino,Kristos,Kritias,Kritoboulos,Kritodemos,Kriton,Kroisos,Krokinos,Ktesiphon,Kuonrat,Kupe,Kusko,Kyknos,Kynaegeiros,Kyrillos,Kyrios,Kyros,Saba,Sabas,Sabin,Sabyllos,Sadagares,Sadun,Saer,Saerus,Safrax,Sagar,Sagard,Sagarus,Saillot,Sainte Santin,Salbatore,Salicar,Salla,Salmoneus,Samer,Samo,Samson,Sandaili,Sander,Sanders,Sandre,Sandrin,Sanduru,Sandy,Sangiban,Sanguin,Sansalas,Santi,Santikurtz,Santio,Santutxo,Santxo,Santxol,Saphrax,Sarapammon,Sarilo,Sarpedon,Sarus,Sasoin,Satabus,Satordi,Satyros,Saunder,Saundre,Savaric,Savary,Sawney,Sawnie,Saxo,Sayer,Scaios,Scamandius,Scamandrius,Schedius,Scholasticus,Sconea,Scylax,Scyllias,Scythas,Searl,Searle,Seaward,Sebastianus,Sebastos,Seber,Sede,Segar,Segarus,Segeric,Seguin,Sehier,Syhier,Sein,Seisames,Selagus,Selatse,Seldomus,Selenas,Selepos,Seleukos,Selle,Selles,Seme,Semeno,Sendoa,Senebaut,Sengrat,Senuthius,Sequin,Serell,Sergius,Seri,Serill,Serle,Serlo,Serlon,Sernays,Serrell,Serrill,Sesuldo,Seuuard,Seuuardus,Seven,Sevestre,Sevrin,Sewal,Sewale,Sewallus,Seward,Sewell,Shapur,Shilgen,Shipitbaal,Sibertus,Sibico,Sibilo,Siboldus,Sibragtus,Sibratus,Sicard,Sicho,Sicre,Sicho,Sicinnos,Siculus,Sidimund,Siebrand,Siefke,Siegmyrth,Sifridus,Sigan,Sigebert,Sigenandus,Sigeric,Sigesar,Sigibald,Sigibert,Sigibuld,Sigismund,Sigisvult,Sikke,Silanos,Silban,Silenos,Silvestre,Simmias,Simo,Simocatta,Simoisius,Simonides,Sindel,Sindila,Sindo,Sinibaldo,Sinis,Sinon,Sippas,Sirion,Sirom,Siromos,Sisbert,Sisebut,Sisenand,Sisyphus,Sito,Sittas,Situli,Sivis,Siwardus,Sjamme,Skiron,Smaragdus,Smindyrides,Smintheus,Snaracho,Snarung,Snato,Snazi,Soas,Socus,Sohalet,Soolet,Sohier,Soin,Soke,Sophanes,Sophokles,Soranus,Sosibios,Sosicles,Sosigines,Sosilus,Sosimenes,Sosipatros,Sosthenes,Sostias,Sostratos,Soter,Sotil,Souni,Sonnet,Speciosus,Spertias,Speudon,Speusippos,Spinther,Spirodion,Staas,Stace,Stacey,Stachys,Stacius,Stacy,Stallo,Starchari,Stauracius,Steffen,Stentor,Stephane,Stephen,Stesagoras,Stesanor,Stesilaus,Sthenelaus,Sthenelus,Stichius,Stielf,Stilicho,Stolos,Strabo,Strachys,Strategius,Stratios,Straton,Strophantes,Strophius,Strymon,Su,Suatrius,Sueridus,Sugar,Suger,Sugoi,Suidbert,Suidger,Sumar,Sunericus,Sunnia,Sunno,Suntje,Suppo,Sustrai,Sweert,Swikerus,Swirt,Swittert,Syagricus,Syagrius,Syagros,Syennesis,Syloson,Sylvester,Symeon,Symeonius,Synesius,Syriack,Syward,Sywardus,Jabbe,Jabbo,Jabnit,Jacobo,Jacquelin,Jaime,Jaizki,Jakelin,Jakes,Jakobe,Jakue,Jal,Jangleu,Janpier,Janto,Japhet,Jarto,Jarvis,Jasce,Jasone,Jatsu,Jaunti,Jaunzuria,Jean,Jeff,Jeffcock,Jeffery,Jeffroy,Jeffry,Jehan,Jeharraz,Jehaue,Jelde,Jellrich,Jellste,Jenico,Jep,Jeph,Jeremi,Jervis,Jessamy,Jevan,Jewell,Jibbe,Jibbo,Jilde,Joannes,Job,Jobba,Joce,Jocelin,Jocelyn,Jocet,Joceus,Joçon,Jodocus,Joel,Joeli,Joffridus,Jofridus,Johan,Johannes,John,Johun,Jokin,Jolanus,Joldewin,Jolin,Jolis,Jollan,Jollanus,Jollivet,Jolyon,Jonas,Jonathas,Jop,Joppa,Joppo,Jordanes,Joren,Jorin,Joris,Josce,Joscelin,Joscelyn,Josclyn,Joseba,Josepe,Joss,Josse,Josson,Josu,Jourdain,Jowell,Jozeran,Juan,Juaneizu,Juango,Juantxiki,Judbert,Jude,Judo,Juel,Juerg,Julen,Jules,Julf,Julianus,Julien,Julyan,Jumel,Jupp,Jurdan,Jurfaret,Jurg,Jurgi,Jurke,Juste,Nab,Nabar,Nadilo,Nagal,Nahia,Naimes,Naimon,Namatius,Namus,Nanno,Narkissos,Nastes,Naubolus,Naukles,Naulabates,Nausithous,Nauteus,Nazares,Neal,Neale,Néapolion,Nearchos,Ned,Neddie,Neel,Neil,Nel,Nele,Neleos,Nell,Nelpus,Neokles,Neoptolemos,Neozzo,Nepotian,Neritos,Nestor,Névelet,Ngakaukawa,Ngati,Niarchos,Nibelungus,Nicaise,Nicandros,Nicanor,Nicephorus,Nicetas,Nicetius,Nicholas,Nicholaus,Nichomachus,Nicias,Nicodromos,Nicolao,Nicolaus,Nicomachos,Nicon,Nidada,Nidungus,Niel,Nigelle,Nigellus,Nigs,Nihe,Nikandros,Nikanor,Nikasios,Nikeratos,Niketas,Nikias,Nikola,Nikomachos,Nikomedes,Nilus,Nino,Nireus,Nisos,Nithard,Niuzilo,Nivelet,Nob,Noeë,Noël,Noemon,Noll,Nolly,Nomion,Nonnosus,Nonnus,Norbert,Nordbert,Nordemann,Note,Nothon,Notker,Nott,Numa,Nuno,Nute,Nutkin,Nutt,Nuxila,Nyctinus,Nygell,Nymphicus,Nymphodorus,Quabin,Quenall,Quintin,Quintinus,Quito,Waco,Waibilo,Waido,Waihoroi,Waimar,Waimiria,Waiofar,Waisale,Wala,Walahfrid,Walahmar,Walaric,Walchelim,Walchelin,Walcher,Waldef,Waldeof,Waldeve,Waldew,Waldhar,Waldhere,Waldibert,Waldief,Waldipert,Waldive,Waldolanus,Waldomar,Waleran,Waleron,Walganus,Walhbert,Waliko,Walkelin,Walkelinus,Wallevus,Wallia,Wally,Waloco,Walpurga,Walt,Walterius,Walterus,Waltgaud,Wamba,Wandilo,Wandregisel,Wandregisilus,Wandrille,Warenheri,Warin,Wariner,Warinhari,Warinus,Warmann,Warnerius,Warnerus,Warren,Warrenus,Wasili,Wat,Water,Watje,Watkin,Watkyn,Watt,Wattie,Watty,Wauter,Wazo,Wealdtheow,Wecelo,Weert,Weffel,Weidheri,Weila,Weinert,Weintje,Wella,Welp,Welpo,Wene,Wenert,Wercha,Wercrata,Werdo,Werinbert,Werner,Wernerus,Wesh,Wezilo,Whatahui,Wherehiko,Wibert,Wibil,Wichard,Wichmann,Widargelt,Widigast,Wido,Widogast,Widradus,Wiebrand,Wiebt,Wigandus,Wigayn,Wigo,Wigstan,Wihtred,Wikerus,Wilcke,Wilcock,Wilecoc,Wilfred,Wilhelm,Wilhelmus,Wiliam,Wiliame,Wilkie,Wilkin,Wilko,Will,Willahelm,Willamar,Willcock,Willehad,Willehelm,Willelm,Willelmus,Willet,William,Williame,Willibald,Willibrord,Willie,Willmot,Wilmot,Wilred,Wimarc,Wimark,Winebaud,Winguric,Winicho,Wintar,Wintherus,Wintri,Wirtje,Wiscar,Wiscard,Wischard,Wisgarus,Wistan,Wistanus,Withari,Withekindus,Witige,Wittigis,Wittiza,Wlfric,Wlfriche,Wlvricus,Wobias,Wocco,Woco,Wolkan,Woltje,Wortwinus,Wracwulf,Wulfram,Wulfric,Wultgar,Wulurich,Wunnihad,Wurm,Wy,Wyat,Wyliame,Wylymot,Wyman,Wymar,Wymarc,Wymare,Wymark,Wymer,Wymerus,Wymon,Wymond,Wymund,Wynkyn,Wyon,Wyschardus,Wystan,Ubarna,Ubben,Ubelteso,Ubendu,Ucalegon,Ucco,Uchered,Ucke,Uctred,Udalaitz,Udo,Udona,Uelert,Ueli,Ugaitz,Ughtred,Ugurtz,Ugutz,Uhin,Uhredus,Uhtred,Uidt,Ulert,Ulfert,Ulfilas,Ulger,Ulpt,Ulricus,Ulta,Uluric,Umea,Umfray,Umfrey,Umfridus,Umphrey,Unai,Unax,Unigild,Unila,Unimund,Uno,Unsenis,Untel,Uptet,Ur,Uraias,Uranius,Urbasa,Urbez,Urbicus,Urdaspal,Urdin,Urian,Urianus,Urien,Urki,Urko,Urre,Urritz,Urs,Urtats,Urti,Urtsin,Urtsua,Urtun,Urtungo,Urtzi,Uryene,Uwe,Uwen,Uzuri,Dabi,Dadaces,Dado,Daedalos,Daetor,Dagilo,Dagobert,Dailus,Daimbert,Dalfin,Dalmas,Dalmatius,Daluce,Damasippus,Damasithymos,Damasos,Damastor,Damasus,Damian,Damianos,Damianus,Damiskos,Dammo,Damoetas,Damon,Danaos,Danaus,Danel,Daniel,Danielus,Danje,Danor,Dapamort,Daphis,Daphnis,Dardanus,Dares,Darius,Daufari,Daufer,David,Davos,Decentius,Decke,Dederic,Dederich,Dederick,Dedericus,Deenes,Deenys,Degarre,Degore,Dei,Deigenhardus,Deinias,Deinokrates,Deinomenes,Deiotones,Deiphobus,Deiphonous,Deipylus,Delion,Demades,Demaratos,Demarmenos,Demas,Demeas,Demetrios,Democedes,Democoön,Demodocus,Demokrates,Demoleon,Demonax,Demonous,Demophlos,Demosthenes,Denes,Denisot,Dennet,Dennie,Dennis,Denny,Denyse,Denysot,Deon,Derek,Derkylos,Derric,Derrick,Deryk,Detlef,Deukalion,Deunoro,Deuterius,Dexicos,Dexios,Diactorides,Diadromes,Diadumenus,Diagoras,Diagur,Dicaeus,Diccon,Dick,Dicke,Dicken,Dickie,Dickon,Dickory,Dicky,Didericus,Didymus,Diegotxe,Dieneces,Dieter,Diggin,Diggory,Digne,Digory,Dimarus,Diocles,Diodoros,Diodorus,Diokles,Diomedes,Dionisius,Dionysios,Dionysophanes,Dionysos,Diophantus,Diores,Diosconis,Dioscuros,Diotrephes,Dirk,Dismas,Distiratsu,Dithyrambos,Ditmarus,Ditwinus,Dmetor,Dob,Dobbin,Dod,Dodd,Doddie,Doddy,Dodge,Dodo,Doete,Dolfin,Dolleo,Dolon,Dolops,Domeka,Domentziolus,Domenyk,Domianus,Domiku,Dominic,Dominick,Dominicus,Dominix,Dominy,Domnicus,Domninus,Domnitziolus,Donaldus,Donat,Donato,Donestan,Doneuuald,Donnet,Donostia,Donston,Donus,Doolin,Doreios,Doreius,Dorian,Doriskos,Dorjes,Doros,Dorotheus,Doryssos,Dosithios,Draga,Drest,Dreu,Dreue,Dreues,Dreux,Drew,Drewett,Drimylos,Droart,Droet,Drogo,Dromeus,Droon,Droserius,Drouet,Droyn,Dru,Drue,Druet,Druettus,Drugo,Drust,Dryas,Dryops,Drystan,Dubius,Ducetius,Duche,Duda,Dudic,Dudo,Dudon,Duihna,Dukker,Dulcissinuis,Dulcitius,Dump,Dumphey,Dumphry,Dumpty,Dunestan,Dunixi,Denis,Durand,Durandus,Durant,Duris,Dye,Dymas,Dymnos,Dynamius,Dyonisius,Dyryke,Raaf,Rab,Rabbie,Rabel,Radagaisus,Radamanthos,Radigis,Radoald,Radolf,Radulf,Radulfus,Rafe,Raff,Raffo,Rafold,Raganald,Raganfrid,Raganhard,Raganher,Ragenald,Raginhart,Raginmund,Raginpert,Ragnfred,Raguenel,Raguet,Rahere,Rahier,Raignald,Raiimond,Raimbaud,Raimbaut,Raimer,Raimond,Raimund,Raimundus,Rainald,Rainaldus,Rainard,Rainerius,Rainerus,Rainier,Raitin,Ralf,Rammius,Rampo,Ran,Ranald,Rand,Randal,Randall,Randle,Randolph,Randoul,Randulfus,Randull,Randy,Rangi,Rankin,Rannulf,Rannulfus,Ranulf,Ranulfus,Ranulph,Ranulphus,Raolet,Raolin,Raollet,Raollin,Raoul,Raoulet,Raoulin,Rasequin,Ratchis,Ratier,Ratilo,Rauf,Rauffe,Raulf,Raullin,Raulyn,Rausimod,Rautio,Rauve,Rawkin,Rawlin,Raymundus,Raynaldus,Rayner,Raynerus,Raynoldus,Razo,Recared,Reccared,Recceswinth,Rechiar,Rechimund,Recitach,Redway,Reginald,Reginalde,Reginaldus,Reginar,Regino,Régnier,Reignald,Reignolde,Reimfred,Reimond,Reimund,Reinald,Reinboldus,Reinfred,Reinfrid,Reinfridus,Reinhold,Reinold,Reinoldus,Reipert,Rekitach,Remert,Remfrey,Remi,Remia,Remier,Remir,Remismund,Remmer,Remon,Remondin,Remonnet,Remont,Rémy,Renard,Renart,Renaud,Renaudin,Renaut,Renfred,Renfry,Renier,Renko,Reno,Renodet,Renoldus,Renonys,Renost,Renouart,Renouf,Renout,Reolus,Respa,Resse,Retemeris,Reto,Rewa,Rex,Reymnd,Reynald,Reynard,Reynaud,Reyner,Reynfred,Reynfrey,Reynold,Reynoldus,Rhadamanthos,Rhesus,Rhexenor,Rhima,Ribald,Ribes,Ricard,Ricardus,Ricaud,Rich,Richal,Richarde,Richardin,Richardus,Richart,Richemanus,Richeut,Richie,Richier,Richomer,Richomeres,Ricimer,Rick,Rickert,Ricket,Ricohard,Ricon,Rictiovarus,Rikiar,Ringerus,Rionet,Ripertus,Rique,Riquebourc,Riquier,Riso,Rizon,Rob,Robard,Robbie,Rober,Robertus,Robin,Robinet,Robion,Robyn,Rocelinus,Rodbertus,Roderic,Roderick,Rodney,Rodolf,Rodolph,Rodolphe,Roduulf,Rogatus,Rogerin,Rogerius,Rogerus,Roget,Rogier,Roguelin,Roland,Rolandus,Rolant,Roley,Rolf,Rolfe,Rolft,Rolland,Rollant,Rollin,Rollo,Rolph,Romainne,Romayne,Romuald,Ronald,Roncin,Rongo,Roolf,Roricus,Roscelin Rocelin,Rosser,Rostand,Rotari,Rotbert,Rotbertus,Rotgerius,Rothad,Rothari,Rotrou,Roucaud,Rouland,Roulant,Roule,Roulf,Roumain,Roumiet,Rowland,Rowley,Ruald Ruaud,Rubertus,Rudegerus,Rudesind,Rudolfus,Rufier,Rufin,Rufus,Ruisko,Runo,Russell,Roussel,Rusto,Ruthardus,Rychard,Rycharde,Macar,Macarias,Macedonius,Machaon,Madulnus,Maelgut,Maeon,Magahard,Maganhard,Maginfred,Maginrad,Maginulf,Magnentius,Mago,Maharbal,Mahond,Mahu,Mahutia,Maiandrios,Maillart,Maillet,Mainard,Mainardus,Mainet,Mainnet,Maiorga,Maiuel,Maixent,Majorian,Maju,Makarios,Malabayn,Malapallin,Malbert,Malcolinus,Malcolum,Malcude,Malculinus,Malculms,Malculmus,Malduit,Maleos,Males,Malger,Malise,Mallobaudes,Malo,Malpramis,Malprimis,Malquiant,Malun,Mamme,Mana,Manard,Manex,Manfred,Mangod,Manifred,Manoa,Mansuetus,Mantes,Mantio,Mantios,Mantzio,Manu,Manzio,Maore,Mapen,Maraulf,Marc,Marcel,Marcian,Marcion,Marcomir,Marcoul,Marcule,Marcus,Marganice,Margaris,Maricho,Maricus,Marin,Marius,Marke,Markel,Marko,Markus,Marlo,Marmaduc,Marmaducus,Marmedoke,Marnes,Maro,Maron,Marquardus,Marque,Marques,Marsile,Marsilion,Marsyas,Martel,Martelet,Marthanes,Martin,Martinet,Martinianus,Martino,Martinus,Martlet,Martxel,Martxelin,Martxot,Martyn,Martyrius,Maruthus,Marz,Maso,Masso,Mastor,Matai,Matei,Matfrid,Mathos,Matia,Matraien,Mattin,Matto,Matullus,Matxin,Maucolyn,Mauger,Maugis,Maukolum,Maule,Maulore,Maurentius,Maurianus,Mauricius,Maurie,Maurin,Maurinus,Mauris,Maurus,Maury,Maus,Mausolos,Maxentius,Maximianus,Maximin,Maximinus,Maynard,Mazo,Mazuste,Mazzi,Mecistes,Mecistios,Médard,Meder,Mederi,Medios,Medon,Medus,Meffridus,Megadates,Megakles,Megakreon,Megapenthes,Megareus,Megas,Megasthenes,Megathenes,Meges,Meginhard,Megistias,Megistus,Mehme,Meidias,Meiel,Meimert,Meine,Meinfridus,Meingotus,Melampos,Melampus,Melanippos,Melanthios,Melanthos,Melas,Melchert,Meleagros,Melegros,Meles,Meletius,Meliboeus,Melicertes,Mello,Melmer,Melmidoc,Melminius,Meme,Memnon,Menalcas,Menandros,Menares,Menas,Mendebal,Mendiko,Menekrates,Menelaos,Menestas,Menesthes,Menesthios,Menexinos,Mengotus,Menke,Menne,Mennte,Menoeces,Menoitios,Mentes,Mentor,Merbal,Mercadier,Mercurius,Merick,Meriet,Merigot,Meriones,Mermadak,Mermerus,Merobaudes,Merops,Merovech,Mervin,Mervyn,Mesaulius,Mesthles,Metallo,Methodios,Methodius,Metiochus,Meto,Meton,Metrobius,Metron,Metrophanes,Meuric,Meurik,Meurisse,Meurius,Meus,Mezzi,Michael,Michaelius,Michele,Michell,Micythos,Midas,Midylos,Miguel,Mihali,Mihi,Mikel,Mikelar,Mikelats,Mikeldi,Mikkos,Mikolas,Mikon,Milanion,Mile,Miles,Milet,Milian,Milo,Milon,Milot,Miltiades,Mimke,Min,Minos,Mintho,Miquiel,Mirande,Misenus,Mittainne,Mitxaut,Mitxel,Mnasyllus,Mnesiphilos,Mnester,Mnesus,Modaharius,Modares,Moeris,Mogel,Moliones,Molpagoras,Monoecus,Monomachus,Montxo,Mopsius,Mopsus,Mor,Morcock,Morel,Mores,Moricius,Morin,Moris,Morise,Moriset,Morrice,Morris,Morry,Morsimus,Morys,Moryse,Moschion,Moschus,Mourice,Muato,Mulius,Munderic,Mundo,Mundus,Munifrid,Munio,Munizo,Musaeus,Musaios,Musko,Musonius,Muttines,Mutu,Mydon,Mygdon,Myles,Myrsinus,Myrto,Mys,Obeko,Obert,Ocealus,Ochesius,Ochos,Ocke,Ocytos,Odaenathus,Odard,Odde,Oddo,Ode,Odger,Odibrand,Odinel,Odius,Odo,Odoin,Odol,Odon,Odotheus,Odouart,Odovacar,Odulf,Odysseus,Oeagnus,Oecleus,Oedipus,Oenemaus,Oeneus,Oenomaus,Oenopion,Oenops,Oenus,Oger,Ogerius,Oggery,Oggod,Ogier,Oicles,Oidor,Oier,Oihan,Oihenarte,Oileas,Oinatz,Oinaz,Olentzaro,Oliatos,Oliva,Olivere,Oliverus,Olivier,Olli,Ollier,Olly,Olo,Oltmann,Olus,Olver,Olybrius,Olympicus,Olympio,Olympiodorus,Olympius,Omer,Omerus,Omont,Onamakritos,Onbera,Ondart,Onesilos,Onesimos,Onesiphorus,Onetas,Onetor,Onfroi,Ongile,Onias,Onke,Onne,Onno,Onntje,Onomastos,Onuphrius,Ophelestes,Opilano,Opilio,Opites,Ops,Orable,Orain,Orcus,Orderic,Orell,Orestes,Oresus,Orges,Oriabel,Oriabiaus,Oribasius,Origen,Orion,Orius,Orixe,Orkatz,Orland,Oroites,Oroitz,Orpheus,Orrick,Orsilochus,Orsiphantes,Orthaeus,Orti,Ortle,Ortolfus,Ortwinus,Ortzi,Orythroneus,Orzaize,Osasun,Osbarn,Osbern,Osbernus,Osbertus,Oscar,Oseberne,Osebertus,Osewold,Osgar,Osgarus,Oskarbi,Oskell,Osketel,Oskitz,Osman,Osment,Osmon,Osmond,Osmont,Osmundus,Osoitz,Ospetsu,Ospin,Ostadar,Ostargi,Ostots,Ostrogotha,Osuin,Osuuald,Osuualdus,Osuuol,Osuuold,Osuuoldus,Oswall,Oswell,Oswinus,Oswold,Oswyn,Otebon,Otelin,Otes,Othes,Othi,Otho,Othon,Othone,Othuel,Oti,Otis,Otker,Otois,Oton,Otreus,Otrynteus,Otsando,Otsoa,Otsoko,Ottie,Ottig,Otto,Otuel,Otus,Oudart,Oudet,Oudin,Oudinet,Oudinnet,Ouein,Ouen,Ouin,Oure,Ourri,Ouus,Ovida,Owain,Owayne,Owen,Oweyn,Owin,Owine,Owini,Owun,Owyne,Oxarra,Oxel,Ozwell,Eadmund,Eaduin,Eaduuard,Ealdred,Ealdwine,Eate,Ebbo,Eberhardus,Ebermud,Eberwolf,Ebrardus,Ebrimud,Ebroin,Ebrulf,Eburhart,Echëeus,Echekrates,Echelaos,Echemmon,Echemus,Echephron,Echepolus,Echestratos,Eck,Eckardus,Ecke,Ecky,Ede,Edelstein,Eden,Eder,Edica,Edmod,Edmond,Edmundus,Edon,Edorta,Edred,Eduard,Eduin,Eduinus,Edun,Edur,Eduuard,Eduuin,Eduuine,Edward,Edwardus,Edzard,Ee,Eetion,Eggihard,Eggo,Egidius,Eginhardt,Eginolf,Egoi,Egoitz,Egon,Eguen,Eguerdi,Egun,Eguntsenti,Eguzki,Ehren,Eicke,Eicko,Eidhart,Eielt,Eiffe,Eigio,Eilert,Eilmer,Einhard,Einolfus,Eioneus,Eirenaios,Ekain,Ekaitz,Ekhi,Ekialde,Elasus,Elatos,Elatreus,Elazar,Elbert,Eldred,Elduin,Eleder,Eleon,Elephenor,Elexander,Elie,Ellande,Elmar,Elmer,Elorri,Elpenor,Elpides,Elpidius,Elshender,Eluard,Elured,Eluret,Elvin,Elysandre,Emambe,Emaurri,Emaus,Embrico,Emelricus,Emenon,Emercho,Emeric,Emerick,Emericus,Emery,Emicho,Emme,Emmeran,Emmerich,Emond,Emont,Emory,Empedocles,Enaut,Endemannus,Endios,Endira,Endura,Endymion,Eneco,Enego,Eneko,Enekoitz,Eneto,Enetz,Engelard,Engelier,Engelke,Engenes,Engenouf,Engeram,Engeramus,Engerramet,Engerran,Engerrand,Engilbert,Enguerran,Enguerrand,Enion,Eniopus,Enjorran,Enjorren,Ennaeus,Enne,Enno,Ennodius,Ennomus,Ennychus,Enops,Enurchus,Eos,Epaenetus,Epaphos,Epaphroditus,Epeigeus,Epeius,Ephialtes,Epicurus,Epicydes,Epikrates,Epimenes,Epiphanes,Epiphanius,Epistor,Epistrophos,Epitrophos,Epizelos,Epowlett,Eral,Eraric,Erart,Erasistratus,Eratosthenes,Eratostheres,Erauso,Ercanbald,Erchambaut,Erchebald,Erchembaut,Erchenbaldus,Erchinoald,Erechtheus,Ereinotz,Erengier,Eretmenus,Ereuthalion,Erginus,Ergiyios,Erichthonius,Ericus,Eriulf,Eriz,Erkenbaud,Erlantz,Erlembald,Ermanaric,Ermelandus,Ermenoldus,Ernald,Ernaldus,Ernaut,Erneis,Ernis,Ernisius,Ernold,Ernoldus,Ernolf,Ernoul,Ernoulet,Ernoullet,Ernst,Ernust,Erramu,Erramun,Errando,Errapel,Errolan,Erroman,Erruki,Ertaut,Eru,Ervig,Erwin,Erxandros,Eryalus,Erysichton,Eryx,Eryximachos,Escremiz,Esdelot,Esdert,Eshmunazar,Eskuin,Esme,Esmond,Espan,Espanelis,Esprevere,Estebe,Estène,Estmond,Estorgan,Estout,Estramarin,Eteocles,Eteokles,Eteonous,Eteus,Ethelbert,Ethelmar,Etienne,Etor,Etxahun,Etxatxu,Etxeberri,Etxekopar,Etxepare,Euaemon,Eualcidas,Euanthes,Euarestos,Eubalus,Eubulus,Eucarpus,Euchenor,Eucleides,Eudaemon,Eude,Eudes,Eudon,Eudorus,Eudoxius,Eudoxsus,Eudoxus,Eudropin,Euenius,Euenor,Euenus,Eugammon,Eugenios,Eugenius,Euhemenis,Euippus,Eukles,Eulalius,Eulampius,Eulogius,Eumaeus,Eumastas,Eumelus,Eumenes,Eumneus,Eumolpus,Euneas,Euonomos,Eupalinus,Eupatarius,Euphemius,Euphenes,Euphorbos,Euphorion,Euphratas,Euphronios,Euphronius,Eupolos,Euric,Euripides,Euryanax,Eurybates,Eurybiades,Eurycliedes,Eurydamus,Eurydemon,Eurydemos,Euryhus,Eurykrates,Eurykratides,Euryleon,Eurylochos,Eurymachos,Euryphon,Eurypylos,Eurystenes,Eurysthenes,Eurystheus,Eurysthios,Eurythion,Eurytos,Eusebius,Eusko,Eussorus,Eustache,Eustachius,Eustacius,Eustas,Eustathius,Eustochius,Eustratius,Eute,Eutha,Euthalius,Eutharic,Euthydemos,Euthynos,Eutolmius,Eutropios,Eutuches,Eutychianus,Eutychides,Eutychius,Eutychus,Euvrouin,Evaenetos,Evagoras,Evandros,Evanetus,Eve,Evelthon,Evenios,Evenon,Evenus,Everardus,Evert,Everwinus,Evios,Evrardin,Evrart,Evrat,Evrouin,Evroul,Evroult,Ewmond,Ewstace,Exaduis,Exekias,Eylgar,Ezkerra,Eztebe,Baalhaan,Babai,Babylas,Bacauda,Bacchides,Bacchios,Bacchylides,Bacenor,Bacis,Baderon,Badouim,Badua,Baduaruis,Baduila,Baerius,Baiardo,Baiarte,Baiona,Bakar,Baladi,Balan,Balasi,Baldavin,Baldemarus,Baldewin,Baldewyn,Baldewyne,Baldric,Balduin,Baldwyn,Balendin,Baleren,Balesio,Balian,Baligant,Balius,Bangin,Baptiste,Barat,Barates,Baraxil,Bardas,Bardin,Bardo,Bardol,Bardolf,Bardolphus,Bardulphus,Barea,Baret,Barnard,Barnet,Barnier,Baro,Barret,Barrett,Barthélemy,Bartholomeus,Bartram,Bartrem,Basajaun,Basan,Basbrun,Basequin,Basile,Basileides,Basileios,Basiliakos,Basilides,Basilius,Basill,Baso,Basuin,Basyle,Bathyaes,Batsuen,Batzas,Baudet,Baudkin,Baudoin,Baudouin,Baudoyn,Baudry,Baugulf,Bausan,Baut,Bauto,Bavo,Bawden,Bayard,Baynard,Baza,Bazil,Bazkoare,Bazzo,Beat,Beatus,Beaudonnier,Beaudouin,Begon,Begue,Behe,Beila,Bela,Belasko,Belin,Belos,Beltxe,Beltza,Benat,Bendis,Bendy,Benedick,Benedictus,Benedicus,Beneger,Beneoit,Benéoit,Beneoite,Benet,Benett,Beneyt,Bénezet,Benger,Benild,Benkamin,Bennet,Benoet,Benoiet,Benoist,Benoit,Beppolenus,Berahthraben,Berart,Berasko,Berbiz,Berchar,Berdaitz,Berdoi,Beremundo,Berend,Berengar,Berengarius,Berengerius,Berengerus,Berengier,Berhdoldus,Berhtolf,Béri,Berico,Berig,Berimud,Berimund,Berin,Beringaer,Beringer,Berinhard,Bernar,Bernard,Bernardus,Bernart,Bernat,Bernier,Berno,Bero,Beroald,Beroldus,Berolt,Berriotxoa,Bert,Bertaut,Bertelis,Berteram,Berthaire,Berthar,Berthomieu,Bertie,Bertilo,Bertin,Bertol,Bertramus,Bertran,Bertrand,Bertrannus,Bertrant,Bertulf,Berwelfus,Besgun,Bessa,Bessas,Bessi,Besso,Betadur,Betan,Beti,Betin,Betyn,Beuca,Beucad,Beuve,Beuves,Beves,Bevon,Bezilo,Bianor,Bias,Bibianus,Biche,Bidari,Bide,Bidun,Bigelis,Bihar,Bikendi,Bilbo,Bilimer,Bilintx,Billebaut,Bingen,Binizo,Bion,Birila,Birinus,Birjaio,Bisaltes,Bisinus,Biton,Bittor,Bitxintxo,Bixente,Bixintxo,Bizi,Bladi,Blaise,Blaive,Blancandrin,Blanko,Blasius,Blathyllos,Blaze,Blutmund,Bob,Bobbie,Bobby,Bobo,Bobs,Bochard,Bodenolf,Bodkin,Bodo,Bodolev,Bodoloff,Bodwine,Boethius,Boethus,Bohle,Boiorix,Boje,Boltof,Bomilcar,Bon-Ami,Boneface,Bonifacius,Bonifatius,Bonne,Bonyface,Boodes,Borani,Borchert,Bordat,Borjes,Bortzaioriz,Borus,Boso,Bostar,Boter,Botolfe,Botolph,Botulf,Bouchard,Bouke,Bovo,Braga,Brandila,Brantome,Bretonnet,Brianus,Briareus,Briarus,Brice,Bricet,Briceus,Bricot,Brien,Brienus,Brison,Britius,Brocard,Broder,Bruiant,Brune,Bruno,Brunte,Bruyant,Bryan,Bryant,Bryennius,Brygos,Bucoli,Bulis,Burchard,Burconius,Burel,Burgundus,Burkardus,Burnel,Burni,Burrhus,Burutzagi,Buselin,Butacidas,Butilin,Butlilinus,Caine,Callimachus,Callimorphus,Callinicus,Calopodius,Canbeus,Candac,Cannabas,Cannabaudes,Cantacuzenes,Canute,Canutus,Cappi,Capuel,Carbo,Carellus,Carenos,Carinus,Carle,Carloman,Carlon,Carneades,Carpophorus,Carpus,Carthalo,Casambus,Caschin,Casjen,Caspar,Cassyon,Castinus,Castor,Ceas,Cebriones,Celeas,Centule,Cephalos,Cepheus,Cephissos,Cerularius,Cethegus,Ceubasnus,Ceufroy,Ceyx,Chabrias,Chacili,Chaeremon,Chairophon,Chal,Chalcodon,Chalcon,Chalie,Chalin,Challemmeinne,Challemoinne,Challes,Charax,Charegiselus,Chares,Charibert,Charidemos,Charilaus,Charillos,Charle,Charlemayn,Charles,Charlet,Charlot,Charlys,Charmides,Charon,Charopos,Chartain,Chatbert,Chazili,Cheiron,Cheldric,Chenric,Chernubles,Chersis,Chik,Chilbudius,Childebert,Childebrand,Childeric,Chileos,Chilon,Chilperic,Chindasuinth,Chlodmer,Chlodovech,Chlodowig,Chlotar,Choerilos,Choeros,Chonrad,Chremes,Chremon,Chremonides,Chretzo,Chrezzo,Chrisogon,Christoboulus,Christophorus,Chrodegang,Chromis,Chromius,Chroniates,Chrysaor,Chryses,Chrysippos,Chrysogones,Chrysogonus,Chrysolorus,Chustaffus,Cilix,Cineas,Cinyras,Ciprianus,Cisses,Cisseus,Clair,Clairac,Clarebald,Clarembald,Clarembaut,Claren,Clarenbald,Clarien,Clarifant,Clarin,Clarus,Claudien,Cleades,Cleandros,Cleathes,Cleisthenes,Clem,Clemens,Clement,Cleobulus,Cleodaeos,Cleombrotos,Cleomenes,Cleon,Cleonicus,Cleonymus,Cleph,Clerebald,Clerenbald,Climborin,Climençon,Climent,Clinias,Clisthenes,Clodomir,Clonius,Clotaire,Clothair,Clovis,Clymençon,Clyment,Clytius,Clytomedes,Cniva,Cnivida,Cnoethos,Cobbo,Cobon,Codros,Coenus,Coeranus,Coes,Cois,Colbert,Colias,Colluthus,Comentas,Comentiolus,Cometas,Comitas,Comitiolus,Conandus,Conanus,Conayn,Conon,Constans,Constantianus,Constantinianus,Constantinus,Cöon,Copreus,Corbinian,Cordylion,Corippus,Cornel,Cornelys,Corney,Coronos,Corydallos,Corydon,Cosmas,Costaine,Costan,Costane,Costetine,Costin,Coumyn,Courtois,Cozard,Crathis,Cratinus,Cratippus,Crépin,Crescentius,Cresconius,Cressant,Cressin,Cretheus,Crethon,Cretines,Crios,Crispian,Crispianus,Crispin,Crispinian,Crispinianus,Crispinus,Cristianus,Crocus,Croesus,Cronos,Crotila,Cteatus,Ctesippus,Cudbert,Cudbriht,Cuddey,Cuddie,Cuddy,Cunigast,Cunimund,Cuno,Cunradus,Cuphagoras,Curincpert,Curteis,Cuthbrid,Cyberniskos,Cycnus,Cylon,Cynaegiros,Cyncus,Cyneas,Cyniscus,Cyon,Cyprian,Cypselos,Cyr,Cyrenios,Cyriack,Cyricus,Cyril,Cyrila,Cytorissos,Xabat,Xabier,Xalbador,Xantalen,Xanthippos,Xanthippus,Xanthos,Xanti,Xarles,Xavier,Xefe,Xenagoras,Xenokrates,Xenophanes,Xenophon,Ximun,Xiphilinus,Xofre,Xuban,Xurdin,Xuthos,Xuthus,Vaanes,Vacho,Vagdvaraestus,Valamer,Valamir,Valantinus,Valaravans,Valdebron,Valentinus,Valia,Valter,Vandalarius,Vandil,Vane,Vannes,Varazes,Varin,Varocher,Vasacius,Vasey,Vauquelin,Vedast,Veduco,Veitel,Venantius,Venerandus,Venyse,Vetericus,Vetranio,Vetranis,Vettias,Vézian,Viator,Vicelin,Victor,Victorinus,Vidans,Videric,Vidigoia,Vidimir,Viel,Viennet,Vigilius,Vigor,Viliame,Viliaris,Vilihame,Villiame,Vince,Vincenot,Vincent,Vincentius,Vincey,Vinitharius,Virus,Visimar,Vital,Vitalianus,Vitalius,Vitel,Vithimiris,Vithmiris,Vitigis,Vittamar,Vitus,Vivianus,Vivien,Volusian,Vulmar,Vultuulf,Vvillequin,Vyell,Labdacus,Labotas,Lactanius,Ladislaus,Laertes,Lafele,Lagariman,Lagos,Lagot,Laiamicho,Laico,Lain,Laios,Lallo,Lamachos,Lambard,Lambekin,Lambelin,Lambequin,Lambert,Lambertus,Lambin,Lambkin,Lamissio,Lammert,Lampo,Lampon,Lampridius,Lampus,Lamus,Lancelet,Lancelin,Lancelot,Lancelyn,Landebert,Lander,Landico,Lando,Landoberct,Landri,Lanfranc,Lanslet,Lanzo,Laodamas,Laodocus,Laogonus,Laomedon,Laphanes,Lapurdi,Larance,Larendi,Larenz,Larkin,Larra,Lartaun,Laskaris,Lasos,Lasthenes,Lastur,Latinius,Lauaxeta,Laudus,Launce,Launceletus,Launcelot,Launobaudus,Launselot,Launus,Laureion,Laurencius,Laurent,Laurentius,Laurentzi,Laurgain,Laurin,Lawrence,Leagros,Léal,Leandros,Learchos,Leavold,Lebuin,Lecapenus,Ledger,Leert,Leferich,Leffeyne,Lefric,Lefrich,Lefricus,Lefuuinus,Lefwinus,Lefwyne,Leger,Lehen,Leheren,Lehior,Lehoi,Leicritus,Leigh,Leitus,Leizarraga,Lekubegi,Lel,Lemnus,Lennard,Lennor,Lentfridus,Leo,Leocedes,Leodegar,Leodes,Leofard,Leofricus,Leofuuin,Leofuuinus,Leoiar,Leon,Leonardus,Leonel,Leonhard,Leonidas,Leonidem,Leonnatos,Leontiades,Leontis,Leontius,Leoprepes,Leoric,Leotychides,Leouric,Leouuinus,Leovigild,Ler,Lertxun,Letard,Lethos,Leucippus,Leudbald,Leufred,Leufroy,Leukos,Leuric,Leutfrid,Leuthere,Leuuin,Leuuine,Leuvibild,Leveridge,Levin,Lewenhart,Lewin,Lewine,Lewis,Liafwine,Lichas,Licymnios,Lie,Liebte,Lièce,Liellus,Lienart,Ligart,Ligier,Liher,Lijart,Linus,Lion,Lionet,Liudhard,Liudolf,Liukardis,Liulf,Liutbald,Liutbalt,Liutpert,Liutprand,Liutward,Livila,Lizar,Lizardi,Lo,Lodewicus,Loert,Lohitzun,Loiola,Lon,Looys,Lope,Loramendi,Lordi,Lore,Loren,Lorence,Lorencin,Lorens,Lorent,Lorenz,Lori,Lorrenz,Lothar,Loup,Louth,Louve,Louvel,Love,Lovel,Lovell,Loverich,Loverick,Lovet,Lowis,Lowrens,Lowrie,Loxias,Loys,Loyset,Luar,Lubbert,Lucianus,Lucien,Ludewicus,Ludoldus,Ludovicus,Ludwig,Luhre,Luitfridus,Luitgarde,Luitpold,Luix,Luk,Luken,Luki,Lukos,Lul,Luli,Lull,Luppe,Lutet,Lutjen,Luzaide,Luzea,Lvfridus,Lycaon,Lycaretos,Lycidas,Lycomedes,Lycophon,Lycophron,Lycoris,Lycurgos,Lycus,Lydus,Lyell,Lygdamis,Lykomedes,Lykon,Lynceus,Lyolf,Lyon,Lyonel,Lyonell,Lyonis,Lysagoras,Lysandros,Lysanios,Lysias,Lysikles,Lysimachos,Lysippos,Lysippus,Lysis,Lyulf,Lyulph,Fabianus,Fabien,Fabyan,Facco,Fadiko,Faenus,Fairman,Faldron,Fallard,Fameite,Famète,Fangeaux,Faramond,Faramund,Fardulf,Fareman,Faremanne,Farman,Farmanus,Farnobius,Faro,Faroald,Farrimond,Fastida,Fastred,Fato,Fauques,Faure,Fawkes,Féderic,Féderyc,Fehde,Feletheus,Felippe,Felippo,Felippot,Feliz,Felyse,Ferand,Ferant,Ferentus,Fermin,Ferrand,Ferrant,Ferri,Ferry,Fersio,Fersomeris,Fery,Feva,Fiebras,Fiehe,Fiepto,Fierelus,Filibert,Filimer,Firman,Firmin,Firmine,Firminus,Firmo,Fitel,Fitellus,Fithian,Fizzilo,Flaccitheus,Flaco,Flambard,Flanbert,Flavian,Flodoard,Floouen,Florant,Florence,Florencius,Florent,Florentinus,Florentius,Flori,Florian,Floridee,Floris,Florivet,Florus,Fluellen,Flurry,Fluvant,Focke,Foke,Folc,Folcard,Folke,Folkert,Folkes,Folkher,Folkmod,Folmar,Formerio,Formosos,Forsard,Fortin,Fortun,Foucaud,Foucaut,Foucher,Fouchier,Foulk,Foulque,Foulqueret,Fouquaut,Fouque,Fouqueret,Fouques,Fouquet,Fourcaut,Foursi,Fowke,Franceis,Franceys,Francio,Franciscus,Franco,Francus,Frankl,Franque,Franquet,Frantzes,Franz,Fraomanius,Fraunce,Fraunk,Fravitta,Fray,Fredegar,Frederic,Fredericus,Frederik,Freert,Fremin,Frerich,Frery,Freskin,Fretela,Fridebertus,Fridebraht,Frideric,Fridericus,Fridigern,Fridolin,Fridugis,Fridurih,Frigeridus,Frilo,Frithila,Frithuric,Fritigern,Froila,Fromondin,Fromony,Fructosus,Fuabal,Fuano,Fulbert,Fulbertus,Fulchard,Fulcher,Fulco,Fulgentius,Fulk,Fulke,Fulko,Fullofaudes,Fulrad,Fyrmyn,Iacobus,Iakchos,Iaki,Ialmenes,Iambulus,Iamus,Ianto,Ianuarius,Iasos,Iatragoras,Iatrokles,Iban,Ibanolis,Ibar,Ibba,Ibon,Ibykos,Icarion,Icarius,Icarus,Idaeus,Idaios,Idas,Idomeneus,Ieltxu,Ifebrand,Ignace,Ignatius,Igon,Ihazintu,Ihintza,Ihmel,Iigo,Ikatz,Iker,Ilari,Ilazki,Ilberd,Ilbert,Ilbertus,Ildebad,Ilioneus,Ilixo,Illart,Illyrius,Ilus,Imanol,Imbart,Imbert,Imbertus,Imbrasus,Imbrius,Imbrus,Imgelramus,Imninon,Inachos,Inachus,Inaki,Inaros,Inautzi,Indar,Indartsu,Inge,Ingelram,Ingelramnus,Ingelrandus,Ingelrannus,Ingeram,Ingerame,Ingraham,Ingram,Ingramus,Ingran,Ingrannus,Inguma,Inigo,Inko,Inna,Innocentius,Intxixu,Iobates,Ioco,Iolaos,Iollas,Ion,Ionnacius,Ionnes,Iordanes,Ioritz,Ioseph,Iosephius,Iosephus,Iovinus,Iovivus,Ipar,Iparragirre,Iphiclus,Iphicrates,Iphikrates,Iphinous,Iphitos,Iphitus,Ipolitus,Ippolitus,Ippollitt,Iraitz,Iratxo,Iratze,Iratzeder,Iraunkor,Irenaeus,Irnerius,Irnfried,Iros,Irrintzi,Iruinea,Irus,Isaaces,Isaacius,Isagoras,Isambard,Isandros,Ischenous,Isembard,Isembart,Isemberd,Isembert,Isenbard,Isenbardus,Isidor,Isidoros,Isidorus,Ision,Ismaros,Ismenios,Iso,Isocrates,Isodemos,Isokrates,Isore,Isusko,Itheus,Iturri,Itxaso,Itylus,Itys,Itzaina,Itziar,Ive,Ivo,Ivon,Ivone,Ivor,Ivote,Ivvanus,Ixaka,Ixidor,Ixona,Izaskun,Izotz,Iztal,Tadica,Taiaho,Taillefer,Taillemache,Taine,Taino,Taki,Talaemenes,Talaos,Talaus,Talbot,Talebot,Tallo,Talon,Talos,Talthybios,Tamás,Tame,Tamme,Tanais,Tanca,Tancard,Tancred,Tancrede,Tane,Tankard,Tarchaniotes,Tarchon,Tardu,Tartalo,Tassart,Tassot,Tassin,Tassilo,Tato,Taua,Taunui,Taureas,Taurin,Tawno,Te,Tebaeus,Tebald,Tebaud,Tebbe,Tecton,Tedbaldus,Tedric,Teebald,Teias,Teiresias,Teja,Te,Kori,Tekukuni,Telamon,Telekles,Telemacho,Telemachos,Telemachus,Telephos,Telephus,Telesinus,Telesphorus,Telines,Tellias,Tellis,Tello,Telys,Tem,Temenos,Temuera,Tendao,Tenes,Tenny,Tenthredon,Teodbald,Teodric,Tere,Tereus,Tericius,Terillos,Terrell,Terric,Terrick,Terricus,Terry,Tescelin,Tetbald,Tetramnestus,Tettrino,Teucer,Teukros,Teutamos,Teuthranes,Teuthras,Teutobod,Tevenot,Thales,Thaleus,Thalpius,Thalysios,Thancharat,Thancheri,Thancred,Thankmar,Tharuaro,Tharybis,Thaulos,Thaumastus,Theagenes,Theages,Theas,Theasides,Thebaldus,Thee,Thela,Themistius,Theobald,Theobaldus,Theocharistus,Theoclymnius,Theoctistus,Theocydes,Theodahad,Théodard,Theodbald,Theodehad,Theodekles,Theodemar,Theodemer,Theoderic,Theodericus,Theoderid,Theodilacus,Theodo,Theodoracius,Theodore,Theodoretus,Theodoric,Theodoricus,Theodoros,Theodorus,Theodotus,Theodric,Theodulf,Theodulph,Theodulus,Theogenius,Theognis,Theomestor,Theomestros,Theon,Theopemptus,Theophanes,Theophilius,Theophilus,Theophrastos,Theophrastus,Theophylact,Theophylactus,Theophylaktos,Theopompos,Theopompus,Theopropides,Theoros,Theos,Theotimus,Theotpert,Theramenes,Therapon,Theras,Thero,Theron,Thersandros,Therseandros,Thersilochus,Thersites,Thessalos,Thestor,Thettalos,Theudebert,Theudegisel,Theudegisklos,Theuderic,Theudis,Theudoald,Theudobald,Theutgaud,Theutlich,Thibaud,Thidrek,Thiébaut,Thieme,Thiemmo,Thierri,Thierry,Thietmar,Thilko,Thim,Thirkell,Thiudimir,Thiudorieks,Thoas,Thomas,Thon,Thonyn,Thoön,Thorald,Thorax,Thore,Thorismud,Thorismund,Thorkill,Thorold,Thouche,Thrasamund,Thrasaric,Thrasidaios,Thrasilaus,Thrasius,Thrasybulos,Thrasyllus,Thrasymedes,Thraustila,Threspotus,Thrustanus,Thrystan,Thukydides,Thurstan,Thurstanus,Thurstin,Thybaudin,Thybaut,Thyestes,Thymoetes,Thymotes,Thyrsis,Thyrsos,Tiaki,Tiakinga,Tib,Tibald,Tibalt,Tibaut,Tibbald,Tibbott,Tibost,Tibout,Tiebaut,Tiele,Tierri,Tiessot,Tika,Timagenidas,Timagoras,Timais,Timanthes,Timasion,Timasitheus,Timesithius,Timm,Timnes,Timo,Timoleon,Timon,Timonax,Timote,Timotheus,Timoti,Timoxenos,Timozel,Tinnelt,Tipi,Tiro,Tirrell,Tirynthius,Tisamenos,Tisandros,Tisias,Tithonius,Titormos,Tityrus,Tjalf,Tjark,Tlepolemus,Tmolus,Toa,Tobar,Todor,Tomás,Tönjes,Torleu,Torphin,Torquil,Totakoxe,Totila,Trafstila,Trapsta,Trasaric,Trasaricus,Trasimondo,Trechus,Tribigild,Tribonianus,Tribunas,Triopas,Triptolemus,Tristan,Tristian,Triston,Tristram,Triton,Troezenus,Trophimus,Trophnus,Tros,Trostheri,Trostila,Truhtilo,Trustan,Trustram,Trypho,Trystrem,Tuaivi,Tufa,Tuluin,Turbertus,Turgis,Turold,Turoldus,Turpin,Turquan,Turrianus,Turstan,Turstanus,Tursten,Turstin,Turstinus,Tuste,Tutain,Tuu,Tuyon,Txanton,Txaran,Txartiko,Txatxu,Txerran,Txeru,Txilar,Tximitx,Txindoki,Txomin,Txordon,Txurio,Tybalt,Tybaut,Tybost,Tybout,Tychaeus,Tydeides,Tydeus,Tymnes,Tyndareus,Tyndarios,Tyon,Tyrell,Tzimisas,Tzittas,Pablo,Pacatian,Pachymeres,Paeëon,Paen,Pagane,Paganel,Paganus,Pagen,Pagomari,Paikea,Pain,Paios,Pair,Palaechthon,Palaemon,Palamas,Palladius,Pallans,Pallas,Palmys,Palque,Pammon,Pamphilus,Panaetios,Panaetius,Panares,Pancras,Pancratius,Pandaros,Pandion,Pandulf,Panionos,Panites,Pankratios,Pannet,Panpili,Pantagathus,Pantares,Panteleon,Panthous,Pantites,Pantzeska,Panuel,Paopeus,Paora,Papias,Papin,Paraebates,Parcin,Pardus,Paris,Pariset,Parmenides,Parmenion,Parsefal,Parthenius,Parthenopaeus,Parzifal,Paschalis,Pasion,Paskal,Pastor,Pataicos,Pate,Paterick,Paternus,Patey,Paton,Patrice,Patricius,Patriz,Patrobas,Patrobus,Patroclus,Patron,Patrycke,Patsy,Pattin,Pattrik,Patxi,Frantxizko,Patza,Paulaui,Paulin,Paulo,Paulus,Pausanius,Payn,Payne,Paynel,Pedaeus,Pedasus,Pedocles,Pegarius,Peirithous,Peiros,Peisandros,Peithon,Pelagius,Pelagon,Pelegon,Peleus,Peli,Pelias,Pelicles,Pello,Pelonus,Pelopidas,Peneleos,Peneus,Pentheus,Penthylos,Peolpidas,Pepin,Perceval,Percevale,Percheval,Percival,Percivale,Perctarit,Percyvallus,Percyvell,Perdikkas,Perdix,Peregrine,Peregrinus,Periandros,Periclymenus,Perieeres,Perigenes,Perikles,Perimedes,Perimos,Periphas,Periphetes,Periscus,Peritas,Periumus,Perrando,Persefall,Persivell,Peru,Peruanton,Perutxo,Pes,Peteos,Petri,Petrigai,Petronas,Petruche,Petrus,Peukestes,Phaedo,Phaenippos,Phaeops,Phaestus,Phaidon,Phaidriades,Phalanthus,Phalces,Phalinos,Phanagoras,Phancis,Phanes,Phanias,Phantias,Phareman,Pharnaces,Phausius,Phegeus,Pheidias,Pheidippides,Pheidon,Phelipe,Phelipot,Phelippe,Phelippot,Pheliset,Phelyp,Phelypp,Phemius,Phereclus,Pherecydes,Pheres,Pheronactus,Phidias,Phigaleios,Phil,Philagrius,Philagros,Philaon,Philaretus,Philbert,Philcox,Phileas,Philemon,Philetor,Philibert,Philiot,Philip,Philipon,Philipot,Philippe,Philippicus,Philippot,Philippus,Philiskos,Philistos,Philkin,Phillipos,Phillippus,Phillipus,Philocion,Philocrates,Philoctetes,Philocypros,Philoetius,Philogus,Philokles,Philokrates,Philolaos,Philologus,Philomen,Philomenes,Philometer,Philon,Philonikos,Philopoemon,Philostratos,Philostratus,Philotas,Philotectes,Philoxenos,Philoxenus,Philpoemon,Philpot,Phineus,Phintias,Phipp,Phitelet,Phlaris,Phlegon,Phlios,Phoebammon,Phoenix,Phoibus,Phoinix,Phoitios,Phokas,Phokion,Phorbas,Phorcys,Phormion,Phormos,Photinus,Photius,Phrixus,Phrynichos,Phrynikos,Phrynon,Phylacus,Phylas,Phylypp,Phytheon,Phythian,Pi,Piarres,Piccolet,Picot,Pidytes,Pierre,Pierres,Pigres,Piligrim,Pinabel,Pinder,Pip,Pippin,Piri,Pirithoos,Pirmin,Pisistratos,Pistias,Pitama,Pittacos,Pittacus,Pittheus,Pixodarus,Pizzo,Plades,Platiau,Pleistarchos,Pleistos,Plutarch,Plutinus,Podaeleirus,Podaleirus,Podalinus,Podarces,Podargos,Podaroes,Podes,Poeas,Poecas,Poimen,Poince,Poincet,Polemion,Polentzi,Poliadas,Pollio,Polyas,Polybius,Polyctor,Polydectes,Polydeuces,Polydius,Polydoros,Polyeides,Polygonus,Polykleitos,Polykles,Polykritos,Polymedes,Polyneices,Polypemon,Polyperchon,Polyphemous,Polyphetes,Polyphontes,Polypoetes,Polyxeinus,Ponce,Poncet,Ponche,Ponteus,Popin,Popiniau,Poppa,Poppe,Poppens,Poppo,Porchier,Porphyrios,Porphyrius,Poseidon,Posides,Posidonios,Potamius,Potamon,Potkin,Poufille,Poz,Prades,Praesentinus,Praetextatus,Pratinos,Praxilaus,Praxis,Praxiteles,Praxites,Presebal,Prexinos,Priam,Priamon,Pricion,Principius,Prinetadas,Priscian,Priskos,Probus,Procrustes,Proctus,Proetus,Prokles,Prokopios,Prokrustes,Proreus,Protagoras,Protesilaus,Prothoenor,Prothous,Protogenes,Protus,Proxenos,Prymneus,Prytanis,Ptolemaios,Ptolomaeus,Pudes,Puhi,Pupt,Puvis,Pylades,Pylaemenes,Pylaeus,Pylartes,Pylas,Pylenor,Pyris,Pyrrhus,Pythagoras,Pytheas,Pythes,Pythios,Pythogenes,Gabirel,Gabo,Gabon,Gabrielius,Gadaric,Gadfrid,Gagino,Gahariet,Gai,Gaiallard,Gaido,Gaidon,Gaifer,Gaillard,Gaillart,Gainas,Gairbert,Gairebold,Gairhard,Gairovald,Gaiseric,Gaitzka,Gaizka,Gaizkine,Gaizko,Galafe,Galafre,Gale,Galefridus,Galenus,Galeran,Galeren,Gales,Galfridus,Galien,Galindo,Galindus,Gallien,Gallienus,Gallus,Galoer,Galot,Galter,Galterius,Gamelin,Gamelinus,Gamellus,Gamelus,Gammell,Ganelon,Ganix,Ganymedes,Gar,Garaile,Garaona,Garbrand,Garibald,Garikoitz,Garin,Garit,Garner,Garnet,Garnier,Garnot,Garnotin,Garoa,Garrat,Garratt,Garrelt,Garrett,Garrit,Garsille,Gartxot,Gartzea,Gartzen,Gartzi,Gascot,Gaskon,Gasteiz,Gastne,Gaston,Gau,Gauanes,Gauargi,Gaubert,Gauchier,Gaude,Gaudinus,Gaueko,Gaufrid,Gaufridus,Gaufroi,Gauguein,Gaumardas,Gaur,Gaut,Gautbehrt,Gautelen,Gauterit,Gauteron,Gautier,Gautzelin,Gauvain,Gauzelen,Gauzpert,Gavienus,Gavin,Gavinus,Gawayne,Gawen,Gawin,Gawn,Gawne,Gawter,Gawyn,Gawyne,Gaxan,Gaylord,Gaztea,Gebahard,Geberic,Gebhard,Geboin,Gebun,Geerd,Geertt,Geffe,Geffery,Geffrai,Geffray,Geffrei,Geffrey,Geffroi,Gefroi,Gefroy,Geike,Geleon,Gelfradus,Gelimer,Gelis,Gelo,Gelon,Gelther,Gemalfin,Gembert,Gemmel,Genethlius,Gennadios,Gennadius,Gentian,Gentien,Gento,Gentza,Geoff,Geoffrey,Geoffroi,Geofridus,Geordie,George,Georgie,Georgius,Georgus,Georgy,Ger,Gerald,Geraldo,Geraldus,Gerard,Gerardus,Gerasimos,Gerazan,Gerbert,Gerbertus,Gerbodo,Gerbotho,Gerente,Gereon,Gerfast,Gergori,Gerhardus,Gerhart,Gerier,Gerin,Gerjet,Gerlach,Gerlacus,Gerland,Germanus,Gernandus,Gerner,Gernier,Gero,Gerold,Geroldin,Geroldus,Gerolt,Gerontius,Gerould,Gerrart,Gerrit,Gerulf,Gerung,Geruntius,Gervais,Gervaise,Gervas,Gervasius,Gervassius,Gervès,Gervèse,Gervesin,Gervesot,Gervis,Gerwald,Gesalec,Gesimund,Getica,Geuffroi,Geve,Gevehard,Gib,Gibbon,Gibby,Gide,Gidie,Gieffrinnet,Gifardus,Gifartus,Gifemund,Giff,Gifford,Gigo,Gil,Gilamu,Gilberd,Gilbertus,Gildon,Gile,Gilebert,Gilebertus,Gilebin,Gilen,Gilesindo,Gilet,Gilibertus,Gilius,Gill,Gillebertus,Gilles,Gillet,Gilliame,Gillius,Gillot,Gillotin,Gilmyn,Gilon,Gilonem,Gilot,Gilow,Gilpin,Gimmo,Giorgius,Gipp,Giradin,Giraldus,Girard,Girardus,Girars,Girart,Giraud,Giraudus,Giraut,Girbers,Giregilo,Giriaume,Girk,Giro,Giroldus,Girout,Giselberdus,Giseler,Gisfrid,Gisilbehrt,Gisilbert,Gislebertus,Giso,Gisulf,Gizon,Glaukias,Glaukos,Glaumunt,Glauperaht,Glycerius,Glycon,Gnipho,Goar,Gobelin,Gobert,Gobin,Goce,Gocelinus,Godafre,Godafried,Godard,Godart,Godbert,Goddas,Godebert,Godefray,Godefridus,Godefroi,Godefroy,Godefry,Godegisel,Godehard,Godeheard,Godelot,Godepert,Godesmannus,Godet,Godewinus,Godfery,Godfree,Godfreed,Godfrey,Godfry,Godichal,Godigisclus,Godila,Godilas,Godin,Godobald,Godohelm,Godscalcus,Goduin,Goduine,Godun,Godvynus,Goeuuin,Goffridus,Gogo,Goi,Goiaricus,Goin,Goisfrid,Goisfridus,Goiz,Goizeder,Goldin,Goldine,Golding,Goldkopf,Golduin,Goldwyn,Golias,Gomeric,Gomesano,Gonfroi,Gontier,Gora,Gorbea,Gordias,Goren,Gorgias,Gorgion,Gorgos,Gorgythion,Gorka,Gorosti,Gorri,Gosbert,Goscelin,Goscelinus,Gosfridus,Gotteschalk,Gottschalk,Gotwinus,Gotzon,Gotzstaf,Goubert,Goumelet,Gourdet,Gouththas,Gouzlim,Gozbert,Gozelinus,Gozolon,Gracien,Gracyen,Gralam,Grandoye,Granville,Gratian,Grawo,Grefin,Greg,Grege,Gregoras,Gregorius,Gregour,Grenville,Grifo,Grifon,Grigge,Grimald,Grimaldus,Grimbald,Grimbaldus,Grimbaud,Grimbol,Grimbold,Grimoald,Grimold,Gringoire,Gris,Grisigion,Grisigon,Gryllus,Gualter,Gualterius,Gualtier,Guarin,Guarinet,Guarinus,Guarnier,Guenes,Guérart,Gueri,Guérin,Guerinnet,Guermont,Guernier,Guernon,Guernot,Gui,Guiart,Guibe,Guibert,Guibour,Guichard,Guido,Guigue,Guilhabert,Guilhem,Guilielm,Guillame,Guillaume,Guille,Guillelmus,Guillemaque,Guillemet,Guillemin,Guillemot,Guillot,Guillotin,Guimar,Guimart,Guimer,Guimond,Guineboud,Guinemant,Guinemanz,Guinemar,Guinemat,Guiot,Guiraud,Guiraudet,Guiscard,Guischard,Gumpert,Gundehar,Gundiok,Gundo,Gundoald,Gundobad,Gundobald,Gunnulf,Guntard,Gunter,Gunteric,Gunterius,Gunterus,Gunthar,Gunthigis,Guntmar,Guntramn,Guntramus,Gunutz,Gunzelinus,Gurgos,Gurutz,Gusso,Gutthikas,Gutxi,Guyat,Guymar,Guyon,Gwalter,Gwatkin,Gwychardus,Gwydo,Gy,Gyffard,Gylaw,Gylbard,Gylbarde,Gylbart,Gylippos,Gylis,Gylmyne,Gylys,Gyrard,Gyras,Gyrtias,Aalart,Aalef,Aalot,Abantes,Abarrotz,Abas,Abascantus,Abbo,Abdalonymus,Abderos,Abelard,Aberardus,Aberkios,Aberri,Abimilki,Abisme,Ablabius,Ablerus,Abramius,Abreas,Abronychus,Absolon,Abundanitus,Abydos,Acaeus,Acamus,Acelin,Acessamenus,Acestes,Achard,Achart,Achestan,Achila,Achololim,Acindynus,Aclepiades,Acot,Acrisias,Acrisius,Acroneos,Actor,Acun,Acur,Adalbero,Adalbert,Adalbrecht,Adaldag,Adalfuns,Adalhard,Adaloald,Adame,Adei,Adeimanthos,Adelard,Adelardus,Adelchis,Adelphius,Adelredus,Adelroth,Adelstan,Adeluin,Adelulf,Adenot,Aderlard,Adestan,Adhémar,Adlard,Admago,Admetos,Adon,Adranus,Adrastos,Adrastus,Adred,Adrestus,Adri,Adrianus,Adrien,Adso,Adstan,Adur,Aeaces,Aeduin,Aeduuard,Aeduuin,Aega,Aegaeon,Aegelmaer,Aegicoros,Aegidius,Aegisthes,Aegon,Aeilmar,Aeimnestos,Aeldredus,Aeldret,Aelfraed,Aelgar,Aelger,Aelmar,Aelmer,Aeluin,Aeluuin,Aenesidemos,Aeolus,Aeropus,Aeschreas,Aesculapius,Aesepus,Aeson,Aesop,Aetes,Aethelmaer,Aethelraed,Aethon,Aetion,Aetios,Aetolos,Agamedes,Agamemnon,Aganbold,Agapenor,Agapetus,Agapias,Agastrophos,Agathocles,Agathon,Agbal,Ageio,Agelaus,Agenor,Ager,Agesilaus,Agetos,Agid,Agila,Agilbert,Agilof,Agilulf,Agin,Agino,Agis,Agiwulf,Agnellus,Agnien,Agobard,Agosti,Agoztar,Agrias,Agriwulf,Agu,Ahthari,Ahu,Aiantes,Aias,Aide,Aidoingus,Aiert,Aigeus,Aignen,Aigo,Aigulf,Ailbert,Ailbric,Ailbriht,Ailmar,Ailmer,Ailred,Ailuin,Ailwin,Ailwinus,Aimar,Aime,Aimeri,Aimeric,Aimeriguet,Aimery,Aingeru,Aintza,Aioro,Aire,Airopos,Aischylos,Aistan,Aistulf,Aita,Aithanarid,Aitor,Aitzol,Akadios,Akamas,Aketza,Aktis,Aktor,Akuhata,Alahis,Alain,Alainon,Alaire,Alana,Alane,Alanus,Alaon,Alar,Alarabi,Alard,Alarge,Alaric,Alaricus,Alart,Alastor,Alatheus,Alatz,Alaviv,Alazaïs,Alberi,Alberic,Albericus,Albertus,Albgast,Albi,Albin,Albinus,Albirich,Alboin,Albrict,Alcaeos,Alcandros,Alcher,Alcides,Alcimos,Alcinous,Alcmaion,Alcman,Alcock,Alcon,Aldebrand,Aldemund,Alderan,Aldin,Aldis,Aldo,Aldredus,Aldret,Alduin,Aldun,Aldus,Aldyn,Aleaume,Aleaumin,Alec,Aleck,Alector,Alein,Alektryon,Alerot,Alesander,Alesaunder,Alestan,Aleuas,Alewyn,Alex,Alexandir,Alexandros,Alexarchos,Alexias,Alexis,Alexon,Aleyn,Aleyne,Alfan,Alfonce,Alfredus,Algar,Alger,Algor,Aliaume,Alica,Alick,Aligern,Alimahus,Alisander,Alisandre,Alisaunder,Alistair,Alixandre,Alizaunder,Alkamenos,Alkestis,Alketas,Alkibiades,Alkides,Alkimachos,Alkiphron,Alkmaion,Alla,Allan,Allande,Allen,Alleyn,Allowin,Almanzor,Almer,Almeric,Almericus,Alo,Alodet,Aloeus,Alois,Alots,Aloysius,Alphaeus,Alpheos,Alphesiboeus,Alphios,Alphonsins,Alret,Alsandre,Altes,Altzibar,Aluer,Aluerad,Aluerd,Alueredus,Alured,Aluredus,Aluret,Aluuin,Aluuine,Alvar,Alvere,Alvery,Alvredus,Alwinus,Alwyn,Alwyne,Alyattes,Alyaume,Alypius,Alysandir,Amadeus,Amal,Amalaric,Amalric,Amalrich,Amalricus,Amalvis,Amand,Amanieu,Amarinceus,Amator,Amatus,Amaud,Amauri,Amaurri,Amaury,Ambe,Ambrico,Ambricus,Ambroise,Ambrosius,Ambroys,Ambure,Ame,Ameinias,Ameinokles,Amélien,Amer,Americ,Americus,Amery,Ames,Ametz,Amfrid,Amfridus,Amiantos,Amias,Amiel,Amigart,Amils,Amiot,Amirrutzes,Amis,Amisius,Ammius,Ammonianus,Amo,Amohia,Amompharetos,Amopaon,Ampelius,Amphiaraos,Amphidamos,Amphimachos,Amphimnestus,Amphinomous,Amphion,Amphios,Amphitrion,Ampho,Amuruza,Amyas,Amyntas,Amyntor,Amyon,Amyris,Amythaon,Anabesineos,Anacharsis,Anafrid,Anagastes,Anaia,Anakletos,Anakoz,Anakreon,Anartz,Anastasios,Anastasius,Anatolicus,Anatolius,Anaut,Anaxagoras,Anaxandridas,Anaxandrides,Anaxandros,Anaxarchos,Anaxilaus,Anaximander,Anaximenes,Anaxis,Anaxos,Ancelin,Ancelm,Ancelmus,Ancelot,Anchialus,Anchier,Anchimolios,Anchises,Anchitel,Ancus,Andagis,Ander,Andhari,Andima,Andoitz,Andokides,Andolin,Andoni,Andraemon,Andrash,Andrea,Andreas,Andreu,Andrew,Andries,Androbulos,Androcles,Androdamos,Androgeus,Andronicus,Aner,Aneristos,Anfroi,Anfroy,Angegisis,Angilbart,Angilbert,Anianus,Anicius,Aniketos,Anisodoros,Anixi,Anketel,Anketil,Anketin,Anko,Anno,Anquetil,Anquetin,Anschetillus,Anschitillus,Anscoul,Ansegisel,Ansehelm,Anseis,Anselet,Ansell,Ansellus,Anselm,Anselme,Anselmet,Anselmus,Ansfroi,Ansgor,Ansgot,Anshelmus,Ansiau,Ansila,Ansis,Anskar,Ansketil,Anskettell,Ansobert,Ansout,Ansprand,Anstill,Ansure,Antaeus,Antagoras,Antemion,Antenor,Anter,Anthelme,Anthemion,Anthemius,Anthimus,Anthon,Anthonius,Antichares,Antidoros,Antigenes,Antigonos,Antikles,Antilochus,Antinous,Antiochus,Antipatris,Antipatros,Antiphales,Antiphones,Antiphus,Antisthenes,Antoinne,Anton,Antoni,Antonius,Antonius-Tone,Antony,Antoynel,Antso,Antton,Antxoka,Antyaume,Anysus,Anytos,Anytus,Aoric,Apahida,Apal,Apat,Apelles,Apellicon,Aphidnos,Api,Apisaon,Apollodoros,Apollophanes,Apollos,Arabante,Arabo,Araimfres,Aralar,Arano,Aranold,Arapeta,Aratus,Aratz,Arbert,Arbitio,Arbogast,Arbogastes,Arcadius,Arcas,Arcavius,Arcebaldus,Arcenbaldus,Arcesilaus,Archagoras,Archambaud,Archel,Archelaos,Archembald,Archeptolemus,Archesilaus,Archestratidas,Archetel,Archil,Archilochus,Archimbalt,Archytas,Arcidamus,Arcturus,Arculf,Ardabur,Ardaric,Ardoin,Areilycus,Areisius,Areithous,Arenvald,Aresti,Argades,Argaeus,Argaith,Argi,Argider,Argina,Argoitz,Argos,Ariald,Ariaric,Aribert,Arichis,Aridolis,Arimir,Arioald,Arion,Aripert,Ariphron,Aristaeus,Aristagoras,Aristaios,Aristandros,Aristarchos,Aristarchus,Aristides,Aristion,Aristippus,Aristoboulos,Aristobulus,Aristocles,Aristocypros,Aristodemos,Aristogeiton,Aristomachos,Ariston,Aristonous,Aristonymos,Aristophanes,Aristophantes,Aristos,Aristotles,Aristoxenus,Arius,Arixo,Armand,Armando,Armant,Armatus,Armenius,Armentarius,Armin,Armine,Arminel,Armundus,Arnaitz,Arnald,Arnaldus,Arnalt,Arnas,Arnaud,Arnaut,Arnegis,Arnegliscus,Arnet,Arnoald,Arnold,Arnoldus,Arnott,Arnoul,Arnould,Arnulf,Arnwald,Arold,Arotza,Arrabaios,Arrats,Arridaios,Arrosko,Arsaphius,Arsenios,Arsenius,Arsieu,Artaud,Artavasdas,Artemas,Artemidoros,Artemios,Artemisthenes,Arter,Arther,Artheur,Arthurius,Arthurus,Artizar,Artor,Artos,Artur,Arturus,Artus,Artzai,Artzeiz,Arvandus,Arvide,Arybbas,Asasthenes,Asbad,Asbadus,Ascalaphus,Ascalo,Ascanius,Ascelin,Ascelyn,Aschetel,Aschetil,Aschetin,Aschines,Ascila,Asdrubal,Asentzio,Asier,Asius,Askell,Asketel,Asketin,Asklepios,Asonides,Asopodoros,Asopus,Aspar,Asphalion,Aspuanis,Assaraeus,Asselin,Astacos,Astegal,Astell,Aster,Asteri,Asterion,Asterius,Asteropaeus,Astigar,Astin,Astor,Astorge,Astrabacus,Astyanax,Atacinus,Atarrabi,Atarratze,Ataulf,Ataulph,Athalaric,Athalwolf,Athamas,Athanagild,Athanaric,Atharid,Athaulf,Athelard,Athelardus,Athelstan,Athelston,Athenades,Athenaeus,Athenion,Athenodorus,Atiphates,Atreus,Atrometos,Atseden,Attaginas,Attaginos,Attalos,Atymnius,Atys,Atze,Atzo,Aubelet,Auberi,Aubert,Aubertin,Aubery,Aubin,Aubinnet,Aubour,Aubray,Aubri,Aubry,Audax,Audegar,Audemar,Audila,Audo,Audoen,Audoenus,Audoin,Audomar,Audoneus,Audouin,Audramnus,Audri,Augebert,Augias,Auguinare,Augustinus,Auletes,Aunger,Aunsellus,Aurel,Aurken,Aurre,Aurri,Ausout,Austin,Austinus,Austyn,Autesion,Autgar,Authari,Autodikos,Autolycus,Autolykos,Automedon,Autonous,Auveray,Auvere,Auveré,Auvrai,Auxitius,Auxkin,Avenel,Averardus,Averay,Avere,Averet,Averey,Averitt,Avery,Avienus,Avila,Axular,Axylus,Aylard,Aylbricht,Aylewynus,Aylmer,Aylmerus,Aymar,Aymer,Aymeri,Aymie,Aymon,Ayol,Azeari,Azelinus,Azémar,Azer,Azeus,Azibar,Aznar,Azorius,Aztore,Azubeli,Azur,Azzo,Kishishev,Kiss,Kisslinger,Kiuprili,Kjucukov,Klaeber,Klah,Klais,Klammer,Klaras,Klauber,Klauschen,Klausman,Klazens,Klebel,Kleber,Klee,Kleiber,Kleiman,Klein,Kleinendorst,Kleinert,Kleinheinz,Kleinpaul,Kleinschmidt,Kleitsch,Klemert,Klewitz,Kleynhans,Klimmer,Klinck,Klingberg,Klinger,Klinsmann,Klock,Klohse,Klöpsch,Klosel,Klosner,Klostermann,Klozbücher,Klug,Kluge,Kluivert,Klusener,Kluskens,Klysen,Knabl,Knaus,Knauss,Knesevich,Knippel,Knipper,Knippschd,Knippschild,Knittle,Knobloch,Knoll,Knueven,Ko,Koban,Kobori,Kobs,Koch,Kochalakos,Kochiu,Kochta,Koçi,Kocsis,Kodaly,Koeck,Koehl,Koehler,Koehneman,Koekkoek,Koell,Köella,Koellerer,Koelmel,Koemans,Koenradt,Koertzen,Koesters,Koffa,Kogalniceaunu,Kohler,Kohlmann,Kohlruss,Kohlsaat,Kohn,Köhncke,Kohning,Kokkinos,Kokotis,Kola,Kolb,Kolcei,Koler,Kolettis,Kolf,Koller,Kollias,Kolokotronis,Kolonja,Kolowrat,Kona,Kondylis,Kongoli,Konight,Koninck,Koning,Konink,Konnight,Konrad,Kontoghiorghes,Koopman,Koopmans,Kopke,Koppen,Koraïs,Koranyi,Koretnaar,Korff,Korkizoglou,Korkizoglu,Korner,Kornmann,Korres,Korsas,Korsten,Kortright,Korving,Koryzis,Korzha,Koshney,Koskotas,Kosos,Kossuth,Kost,Kostanopoulos,Köster,Kosters,Kostner,Kostopoulou,Kostopulos,Kostov,Kota,Kotaridou,Kotta,Koubek,Kough,Koukodimos,Koukoudimos,Koumoundouros,Koundouriotis,Kounev,Kourniakis,Kousoulas,Kovac,Kovago,Kowarsch,Kozani,Kraatz,Krabbe,Krafstein,Krahmer,Kraja,Krajicek,Krall,Kramer,Krasnicki,Krasniki,Krasniqi,Krassnig,Kratz,Kraus,Krause,Kraushaar,Krausse,Krauthammer,Krautheimer,Kreanga,Krebs,Krech,Krehbiel,Kreider,Kreissig,Kreitz,Krenckel,Kresch,Kreuger,Kreutzer,Kreutzwald,Krey,Kriebl,Krige,Krijnen,Krin,Kritopoulos,Krizi,Kroditier,Kroeger,Kroes,Krohn,Krom,Kronburger,Kronenberg,Kroner,Krosko,Krueckel,Krug,Kruger,Krugman,Krull,Krumel,Krumholtz,Krummenacher,Krumova,Krupova,Kruppa,Kruyer,Kruyt,Kubadinski,Kubel,Kucheida,Kucnecov,Kucska,Kuegler,Kuehn,Kuehne,Kuerten,Kuhbauer,Kühnemund,Kuhnt,Kuijken,Kuipers,Kula,Kulcsar,Kulhberg,Kulmus,Kumbernuss,Kümblin,Kümlin,Kun,Küng,Kuntz,Kunz,Kupi,Kupkat,Kursumulu,Kurtag,Kurti,Kurtosi,Kurutz,Kuszmann,Kuti-Kiss,Kutishi,Kutsera,Kuyper,Kyprianou,Kyriacou,Kyriakou,Kyriazis,Raab,Rabbi,Raco,Radacanu,Radini,Radu,Raducioiu,Radulescu,Raeder,Raes,Raev,Raffone,Ragar,Raggio,Ragusa,Raich,Raimbeaucourt,Raimundi,Rainaducci,Raindl,Rainecourt,Rainer,Rainmayr,Rakosi,Rakovski,Raleigh,Ralli,Rallis,Rama,Ramaalas,Ramadani,Rambert,Rameau,Ramelle,Rames,Ramet,Ramos,Rampal,Rampolla,Randa,Randi,Rangelov,Rangosch,Ranicki,Rannequin,Rantaine,Rantzen,Raoullin,Raoux,Rapalje,Rapareillet,Raphanel,Rapisardi,Rapnouil,Rappeneau,Rasch,Rassent,Rassow,Rast,Rastelli,Rastignac,Ratel,Ratti,Rau,Rauch,rauffenburg,Rauh,Rault,Rausis,Rautenstrauch,Ravanelli,Ravel,Ravenot,Ravon,Rdzsavolgygi,Re,Rea,Reale,Reaume,Rebagliati,Rebeelin,Rebellin,Reber,Rebholz,Reck,Recker,Redeker,Redik,Regalo,Regel,Regnault,Rehberg,Rehn,Reich,Reichard,Reichel,Reicher,Reichhardt,Reiff,Reijerss,Reiler,Reimer,Reinelt,Reiner,Reineri,Reinhardt,Reinke,Reinstadler,Reinstadtler,Reis,Reiss,Reiter,Reithoffer,Reitz,Reize,Reizenstein,Reiziger,Reizinger,Remesey,Remesy,Remmel,Remmelts,Remond,Remusat,Remy,Renan,Renaud,Renaudas,Renaudie,Renault,Renders,Rendich,Rener,Reni,Renier,Renimen,Renkens,Renner,Rennes,Renoir,Renold,Renoth,Renouard,Renouf,Renzenbrink,Reparaz,Resende,Resink,Reski,Respighi,Respigli,Restault,Restencourt,Retel,Rettan,Rettenwender,Retzner,Reufi,Reusing,Reuter,Révay,Revel,Reviers,Revol,Rexhepi,Rey,Reyer,Reyers,Reyner,Reyns,Rezessy,Rezzori,Rhoodie,Riano,Riario,Ribbe,Ribeiro,Ribhegge,Ribot,Ribsi,Ricci,Ricciardi,Ricciolo,Ricco,Richard,Richelieu,Richelmi,Richemont,Richepin,Richert,Richir,Richter,Rickert,Ricklefs,Ricordi,Riddenaer,Ridnaer,Ridolfi,Riebou,Riedel,Riederer,Riedle,Riedman,Riefenstahl,Rieff,Riege,Rieger,Riegler,Riehl,Rienks,Ries,Rieser,Rieux,Rigaudias,Rigaudiere,Righetti,Righini,Rihm,Riina,Rijkaard,Rilla,Rimbaud,Rimbert,Rimeaux,Rindel,Rinuccini,Rios,Rioseco,Ripanu,Ripnu,Rippel,Rippner,Riske,Ristani,Ristenbatt,Ristenblatt,Rith,Ritschel,Ritsma,Ritter,Rittinger,Riu,Riucu,Rivaldo,Rivette,Riviere,Rivière,Rizzi,Rizzo,Roachant,Roard,Robberts,Robel,Robert,Roblou,Rocchigiani,Rocco,Rocha,Rochant,Roche,Rochebloine,Rochefort,Rochkes,Rochon,rochus,Rockmeier,Rocque,Rodier,Rodin,Roding,Rödinger,Rodledo,Rodocanachi,Rodrigues,Roeges,Roegiers,Roeloffs,Roelofs,Roelofse,Roels,Roerich,Roethlisberger,Rog¾,Roga,Roger,Roggeveen,Roghi,Rogiers,Rohland,Rohlander,Röhm,Rohre,Rohrer,Röhricht,Rohwer,Roig,Rollenhagen,Rollin,Rollinat,Rolnik,Rom,Roman,Romançon,Romanelli,Romano,Romanov,Romary,Rombaut,Rombley,Romboni,Romé,Romenel,Romeyn,Romme,Rommel,Romp,Ronay,Roncalli,Roncero,Ronchetti,Ronchi,Rond,Rondeaux,Rondinella,Rondinelli,Ronet,Ronhaar,Rooman,Rooms,Roorda,Roos,Roosmalen,Roquentin,Rorendaal,Ros,Rosa,Rosai,Rosch,Roschmann,Roselli,Rosen,Rosenbaum,Rosendaal,Rosener,Rosenfeld,Rositzke,Roskopf,Rosler,Rosmer,Rosner,Rosolen,Rosolino,Rospigliosi,Rossano,Rossellino,Rossen,Rossetti,Rossito,Rosskopf,Rösslar,Rossouw,Roster,Rosza,Rotheberg,Rothfels,Rotholz,Rotsch,Rottenberger,Rotthier,Rottier,Roty,Rotzsch,Rou,Rouaix,Rouard,Rouart,Roubel,Rouestoff,Roufosse,Rouget,Rouille,Rouleau,Roumet,Roupardin,Roussel,Rousset,Rouvière,Rouwens,Roux,Rovigo,Rrustemi,Rubalcaba,Rubbi,Rubik,Rucelli,Ruchendorf,Rucker,Rudhart,Rüdiger,Rueckl,Ruegsegger,Ruehe,Ruel,Ruff,Ruffo,Rufillo,Rufin,Ruge,Ruggieri,Ruggioni,Rugiero,Rugova,Rui,Ruicu,Ruimschoot,Ruinart,Ruiz,Rulon,Rumpelmeier,Rumpff,Rundstedt,Runeville,Runggaldier,Rupp,Rupprath,Ruschin,Ruspoli,Russi,Russinov,Russo,Rust,Rutan,Rutgeerts,Ruth,Ruthgeerts,Ruychou,Ryckaert,Rycke,Ryer,Ryersen,Ryke,Ryzhenkov,Rzehak,Qosja,Quackenbosch,Quasten,Quebbemann,Queneau,Quenhenerve,Quentin,Quesnel,Questi,Quièvremont,Quilleboeuf,Quincarnon,Quinl,Quint,Yäcklel,Yahnel,Yankov,Yannopoulos,Yeager,Yelmorini,Yeoumans,Ygou,Yialouris,Ylincheta,Ymeri,Ynzunza,Yonescu,Yonkman,Yordanov,Yordanyotov,Yost,Yotov,Ypoustegue,Ypsilantis,Yribarren,Ytuarte,Yverneau,Yznaga,Saal,Saarloos,Sabato,Sabau,Sabin,Sabre,Saby,Sacchetti,Sacchi,Sacco,Sachs,Sachse,Sack,Sackel,Sacquerville,Sacramento,Sacratini,Sadiku,Sadiraj,Sadourny,Sagastizabal,Sagastui,Sagebrecht,Saggau,Sagi,Saglier,Sagues,Saguna,Saia,Saint-Andre,Saint-Clair,Sainte-d'Aignaux,Saint-Germain,Saint-Helene,Saint-Leger,Saint-Ouen,Saint-Quentin,Saint-Sanson,Saint-Valeri,Saint-Waleri,Saisset,Sala,Salaberri,Salazar,Salerou,Salieri,Salihu,Salimbeni,Saliu,Salles,Saltsidis,Salutari,Salvador,Salvarani,Salvenmoser,Salviati,Salvoldelli,Salzenstein,Salzgeber,Samari,Sammer,Samos,Sampaio,Sampras,Sanassis,Sandel,Sanderse,Sandor,Sandschulte,Sandulescu,Sangier,Sanguinacco,Sanguinetti,Sansovino,Santon,Santopadre,Santorio,Santos,Santoso,Sapani,Sapia,Sapiara,Sapszon,Sapunxiu,Sarac,Sarakatsani,Saraphis,Sarasketa,Sarasua,Saraulla,Sardini,Sardzetakis,Sarf,Sarino,Saro,Sarrazin,Sarretti,Sarria,Sarris,Sartain,Sarto,Sartoretti,Sartre,Sartzetakis,Sarus,Sassetti,Sassmanshausen,Sastre,Satiro,Sattler,Sattmann,Sauer,Sauerland,Sauli,Saunier,Saurine,Saury,Sauvagie,Sauvaigo,Sauvigni,Sava,Savakis,Savalos,Savelli,Savich,Savino,Savio,Savoldelli,Savonarola,Savu,Savvides,Sawallisch,Saylor,Sbarro,Sbokos,Scacceri,Scacht,Scaduto,Scala,Scalfaro,Scalia,Scaligeri,Scallini,Scalvini,Scarabelli,Scarlatti,Scarpa,Scarsella,Schacht,Schachte,Schact,Schactschneider,Schad,Schaecter,Schaedel,Schaeffer,Schaekers,Schaelles,Schaenzer,Schaers,Schaffhauser,Schaffrot,Schaillee,Schalger,Schalken,Schaller,Schams,Schantz,Scharer,Scharping,Schaub,Schaut,Schavillie,Schbert,Schechter,Scheepers,Scheer,Scheerders,Scheers,Scheffers,Scheffler,Schefold,Schega,Scheideler,Scheidler,Schelfaut,Schelfhout,Schell,Schellenberg,Schelling,Scheltens,Schenck,Schenk,Schenkel,Schepfel,Scherich,Schermerhorn,Scherpenberg,Schett,Schettina,Schiaffino,Schichegger,Schied,Schiegl,Schiemann,Schiff,Schifferer,Schilchegger,Schillebeeckx,Schiller,Schilling,Schillinger,Schimmel,Schimpf,Schindelar,Schindewolf,Schindler,Schinkel,Schlarp,Schlauch,Schleisher,Schlesser,Schliefen,Schlieffen,Schliemann,Schliessmann,Schlneicher,Schlomer,Schlöndorff,Schlotterbeck,Schluchter,Schluep,Schluetter,Schlyter,Schmalhausen,Schmaltz,Schmalzl,Schmelling,Schmetzer,Schmidinger,Schmidling,Schmidt,Schmitt,Schmitz,Schmollinger,Schnabel,Schneider,Schnell,Schnerb,Schnicker,Schnurre,Schockemohle,Schoeeser,Schoeman,Schoencher,Schoene,Schoert,Schoesser,Schoettlekotte,Schoffel,Scholde,Scholey,Scholkopf,Scholl,Schollenberger,Scholliers,Scholten,Scholters,Scholze,Schone,Schonen,Schonenberger,Schonlebe,Schoon,Schoonmaker,Schoonvliet,Schopp,Schöpp,Schopper,Schott,Schottel,Schouten,Schramm,Schrattenthaler,Schreiner,Schriter,Schroder,Schroff,Schroter,Schroyens,Schuch,Schuck,Schuerbrock,Schuerman,Schuetzenuer,Schuiling,Schulberg,Schuld,Schulde,Schulden,Schuler,Schulhauser,Schuller,Schulster,Schult,Schulte,Schulten,Schultz,Schültz,Schulze,Schumann,Schummer,Schuncke,Schuschnig,Schusetka,Schuster,Schut,Schutte,Schuttler,Schutzhauer,Schuyler,Schwab,Schwacke,Schwaiger,Schwarz,Schwarzacher,Schwarzenberger,Schweisser,Schwetschenau,Schyourt,Sciama,Scifo,Scilacci,Scimeca,Sciorra,Scolari,Scolland,Scorsese,Scotti,Scotto,Scragenheim,Scrots,Scrovegni,Scuderi,Sebok,Secci,Secretario,Seedorf,Seelig,Segala,Segel,Segers,Seghers,Séguier,Segura,Seguro,Seibel,Seiberling,Seibold,Seidel,Seidelman,Seidl,Seidler,Seifert,Seigner,Seigre,Seiler,Seillier,Seipel,Seitz,Seizinger,Sejko,Seletto,Selezeanu,Selimi,Sell,Sellecca,Selmani,Selymes,Semitecolo,Sena,Senarpont,Sene,Seneca,Senglin,Senlis,Senner,Sensenig,Sensini,Senteildis,Senue,Seppelt,Sept-Meules,Seran,Serato,Serban,Serbanescu,Sereny,Serfontein,Serkin,Sermattei,Serontein,Serpa,Serraino,Serrão,Serrault,Serrou,Sertori,Serusclat,Sérusier,Serven,Servergnini,Sesa,Seseri,Sesma,Settignano,Settlemeyer,Seubering,Severand,Seydoux,Seyerling,Seyouche,Sfondrati,Sforza,Sgattoni,Sgorion,Shaefer,Shala,Shehu,Sherk,Shermer,Shiebel,Shima,Shirk,Shkelyim,Shrantz,Shrapnel,Shreve,Shulku,Shundi,Shurte,Shurtze,Siantos,Sicco,Sicho,Sicilianos,Sickedr,Sico,Sicurella,Sidot,Sidoti,Sidotti,Sieb,Siebert,Siebke,Siebmacher,Siebold,Siebos,Siedlmayer,Siemerink,Sievers,Sievert,Sighel,Signoret,Silde,Silhouette,Siliqi,Silivasi,Sima,Simaku,Simenon,Simenton,Simeonescu,Simmendinger,Simnel,Simoes,Simond,Simoneau,Simonet,Simopoulos,Simos,Sina,Sinatra,Singer,Sinner,Sinnette,Sinopoli,Siperco,Sipkens,Sippel,Sips,Sirakov,Sireyjol,Siries,Sirtis,Sirtoni,Sisto,Sittig,Sittler,Sjoerte,Sjsiengel,Skandalis,Skindstad,Skiotis,Skouloudis,Skouphas,Sleeuwaert,Slegers,Slesina,Slima,Sljivich,Sloothaak,Sloss,Slot,Slovensky,Smajlaj,Smedes,Smeets,Smekens,Smelser,Smerdel,Smet,Smidt,Smidts,Smit,Smuts,Sneden,Snel,Snoeck,Snoek,Snyder,Snyman,Soares,Sobrinho,Soergel,Soete,Soetens,Sogliano,Sohier,Sohnker,Soisson,Sokoll,Solagaistoa,Solaguren,Solari,Solazzi,Soldati,Soleil,Soleuze,Sollers,Sollomovici,Solomos,Soltesz,Solti,Solves,Solymosi,Some,Somer,Somm,Sommer,Somneri,Sondheim,Sonego,Sonn,Sonnefeld,Sonnenberg,Sonnes,Sonnino,Sonntag,Soós,Sooy,Sopa,Sophoulis,Sophus,Soranzo,Sordelli,Soreasu,Sorel,Soreni,Sospiri,Soula,Soulary,Soule,Soulette,Soulice,Soulie,Soulis,Sourdeval,Sousa,Soutendijk,Souvaltzis,Soveral,Spagnol,Spagnuolo,Spaneth,Spano,Spätling,Specht,Speckstadt,Spee,Speeck,Speek,Speer,Speicher,Speker,Spengler,Sperafico,Speranza,Sperl,Sperner,Speth,Spielberg,Spier,Spijkers,Spindler,Spinelli,Spinello,Spirlea,Spiteri,Spitzaner,Spitzer,Spitzy,Spoletiani,Spon,Spotelli,Sprecher,Springsteen,Spuri,Squillari,Squillino,Staats,Staatsrat,Stabler,Stacye,Stadelman,Stadisch,Stadler,Stadlober,Staelens,Staes,Staessens,Stahl,Stahlberg,Stahlecker,Staier,Stallone,Stals,Stam,Stamanakis,Stambolieva,Stamboliski,Stamm,Stammel,Stanasila,Stancioff,Stanciu,Stanescu,Stanfelj,Stanga,Stangassinger,Stangel,Stankalla,Stanoytchev,Stapel,Stark,Stasi,Staubel,Stauber,Stauffer,Stauss,Stavrakis,Stavrianakis,Stavrianos,Stavrou,Steck,Steenbeck,Stefanelli,Stefaneschi,Steffy,Stefoniou,Stegar,Stegg,Steggall,Stehle,Steibs,Steigauf,Stein,Steinbauer,Steinberg,Steinem,Steiner,Steinhauser,Steinhoffel,Steinmets,Steinschneider,Stelea,Stelymes,Stenger,Stenhammar,Stenneke,Stenz,Stephan,Stephanopoulos,Stepperfellt,Sterescu,Stergar,Sterling,Sternfeld,Sternhagen,Stettin,Steuer,Steur,Stevens,Stevense,Stich,Stickl,Stille,Stimets,Stinga,Stinzi,Stirnemann,Stiteller,Stober,Stockli,Stoeckl,Stoffels,Stoffler,Stoger,Stohl,Stoichita,Stoichkov,Stoickkov,Stoikos,Stojanov,Stoll,Stolle,Stolojan,Stoltz,Stolz,Stompe,Storback,Storp,Stortebeker,Stot,Stötzer,Stourzh,Stoutenburgh,Stoyanov,Stoyanova,Straet,Strakosha,Strambi,Strapoudopolos,Strashilova,Stratemaker,Stratis,Straub,Strauss,Straut,Strazzer,Street,Strege,Strick,Strijdom,Stritter,Strivelyn,Strobbens,Strobl,Stroebel,Strolin,Strolz,Stroo,Stropparo,Strossmayer,Stroubakos,Strovegni,Strub,Strunz,Struycken,Stryckers,Strydom,Strylemans,Stuckenschmidt,Stucker,Studer,Stuer,Stufa,Stufi,Stuhmiller,Stuhrepenberg,Stuiber,Stukely,Stumpf,Stumpfer,Sturmer,Sturms,Sturzo,Stuwaert,Stuyvesant,Styger,Stypers,Suastegui,Suchet,Suetens,Suffern,Suguenot,Sulejmani,Sulis,Sundhaussen,Supola,Surin,Surroi,Süto,Suvaal,Suy,Suzman,Svarcz,Svetkova,Svetozar,Swaim,Swan,Swanepoel,Swarr,Swart,Swartwout,Swin,Swits,Switser,Switzer,Sybrandt,Sykes,Sykora,Syla,Sylaj,Symons,Syourt,Syvret,Syx,Szabo,Szalai,Szalay,Szatmary,Szechenyi,Szekely,Szekeres,Szelepcsényi,Szelig,Szeman,Szemere,Szigete,Szokefagy,Szucs,Szuhay,Szuhonkobecker,Xanthos,Xanthou,Xaparrarte,Xavier,Xenakis,Xhaferi,Xhanari,Xhaxhka,Xhumba,Xydis,Pacaut,Pacelli,Pacho,Pacio,Pacome,Padovano,Paers,Paes,Paesen,Paey,Pagadigorria,Pagani,Paganin,Paganini,Pagliuca,Pagnamenta,Pagnol,Paguaga,Paillard,Pain,Painel,Paisi,Paix,Paixdecouer,Pajetta,Pajonk,Pakula,Paladino,Palagyi,Palairet,Palamas,Palen,Paléologue,Palermo,Palet,Palgani,Paling,Palladio,Pallavicini,Pallegoix,Pallenberg,Pallis,Pallotti,Palmarocchi,Palmas,Palminteri,Palmkoek,Paloka,Paluari,Palumbo,Paluzzi,Pamfili,Pampoldi,Pan,Panagiatopoulos,Panagiopoulou,Panagiotopou,Panagou,Panagoulias,Panagoulis,Panaotis,Panatta,Panavoglou,Panayi,Panayides,Panayiotopoulos,Panayiotou,Pancaldi,Pancevolt,Panciroli,Pandy,Paneira,Paneloux,Pangalos,Pangratiu,Panis,Panizzi,Pantani,Panteleo,Pantoliano,Pantoul,Panzanini,Paoli,Paolillo,Paolozzi,Paolucci,Papadakis,Papademetriou,Papadias,Papadopolos,Papadopoulos,Papadoupolos,Papafagos,Papageorgiou,Papagos,Papakostas,Papamichael,Papanastasiou,Papandreou,Paparelli,Papareschi,Papasogli,Papasotiriou,Papatamelis,Papathanassiou,Papelion,Papi,Papon,Papoulias,Pappas,Pappou,Paradis,Parasca,Parastadidis,Paravicini,Parelli,Parentucelli,Parenzan,Parillaud,Parini,Paris,Parlevliet,Parmentier,Parrela,Parrilla,Parrottin,Parry,Parthenai,Partino,Partos,Paruzzi,Paschal,Paschini,Paschke,Pascolo,Pasinetti,Paskalev,Pasolini,Pasquetto,Pasquier,Passemier,Pastforeire,Pastor,Pastoral,Pastorelli,Pasturei,Patella,Patitucci,Paton,Patrescu,Patriarco,Patricio,Patris,Patroni,Pattakos,Patti,Paty,Patzwahl,Pauker,Paulen,Pauleta,Pauli,Paulino,Paulot,Paulse,Paulus,Paumera,Pauwels,Pavel,Pavenic,Pavlakakis,Pavlenco,Pavoni,Pazanini,Pázmány,Pazzi,Pazzio,Pecchia,Pecci,Peccoth,Pecely,Peche,Pechsteinn,Peco,Pedane,Pedarzolli,Pedercini,Pedrazzini,Pedrazzolli,Pedrotti,Peers,Peesmeesters,Peeters,Pegoretti,Peiffer,Peirsman,Peis,Peiser,Peissel,Peithner,Peixe,Peixoto,Peizerat,Pelchat,Pélissier,Pellegrino,Pellico,Pellissier,Pelloutier,Pelous,Peloux,Penaud,Penchev,Pencreach,Pendareva,Penev,Pennant,Penne,Penneman,Penni,Pensotti,Pentcheva,Pentzopoulos,Penucci,Pepin,Pepke,Perani,Perathoner,Perci,Perea,Perec,Pereira,Peretti,Perfelti,Perfetti,Péricard,Perie,Perls,Pernaska,Perpoli,Perreau,Perrer,Perrey,Perri,Perrier,Perrin,Perrini,Perrone,Perrot,Perroy,Persyn,Perteau,Pertile,Pertoni,Pertorini,Pertuiset,Peruzzi,Pesaresi,Pescariu,Pesch,Pescheux,Peschisolido,Pesci,Pescosolido,Peslier,Pesmazoglou,Pesotta,Pessao,Pesseingimpel,Pessoa,Pessotto,Peteira,Peterhansel,Peters,Peterse,Peterson,Petilon,Petiot,Petit,Petitclerc,Petito,Petkov,Petofi,Petrahn,Petrarco,Petrela,Petremol,Petrescu,Petri,Petrocelli,Petroni,Petrou,Petrova,Pettit,Peu,Peugniez,Peveril,Pevrel,Peyrot,Pezzo,Pfaff,Pfaller,Pfeffer,Pfeifenberger,Pfeiffauf,Pfeiffer,Pfeil,Pfeiler,Pfister,Pheraios,Phiesel,Philarghi,Philibert,Philipousis,Phippaerts,Pianta,Piantini,Picard,Picavet,Piccinini,Piccoli,Piccolomini,Pichner,Pichois,Pichot,Picollet,Picot,Picotin,Picotti,Picvini,Piech,Piédalu,Piel,Pienaar,Piepoli,Pier,Pierdomenico,Pierides,Pierleoni,Pierotti,Pierozzi,Pierpaoli,Pierpoali,Pierpoint,Pierrepont,Piersens,Pierterse,Piessens,Pieters,Pieterse,Pietersen,Pieterszen,Pietramellana,Pietris,Pigafetta,Pigeonnier,Pignatelli,Pigorel,Pilaet,Pilar,Piller,Pilon,Pilsner,Pinard,Pincemail,Pinel,Pinette,Pingaud,Pininferino,Pinochet,Pinon,Pinot,Pinquier,Pinte,Pinto,Pioline,Piontelli,Piota,Piovani,Pipa,Pipin,Pipinelis,Pippery,Piquereau,Piquiri,Pirandello,Pirelli,Pires,Pirktl,Piroth,Pirovano,Pirvu,Pisa,Pisanello,Pisani,Pisano,Pischetrieder,Pisciotta,Pisont,Pistilli,Pistohlkors,Pistone,Pistres,Pithou,Pitje,Pitta,Pittakis,Pittakys,Pitteaux,Pitti,Pittoni,Pitu,Pitzi,Pizzichini,Pizzolato,Pizzoli,Pizzonia,Pizzul,Plafox,Plage,Planche,Planchenault,Plankensteiner,Plasait,Plaschke,Plastiras,Platina,Platz,Platzdasch,Platzer,Plaziat,Plescan,Popa,Pleshette,Plesseraud,Plesu,Plettenburg,Plischke,Pllana,Pllumi,Plöchl,Ploegmakers,Plone,Plouviez,Pluchet,Plucknet,Poccetti,Pocoli,Pócsiné,Poda,Poer,Poestinger,Poeze,Pogiali,Pohl,Poidebard,Poignant,Poilblan,Poillei,Pointel,Poiret,Poitevin,Poitier,Pojani,Pokolytsch,Polandi,Poli,Polichnai,Polides,Polidori,Politti,Poliziano,Pollaiuolo,Pollini,Polo,Polster,Poltari,Polycarpous,Polychroniadis,Polychroniou,Polydorou,Polymeropoulos,Polymeru,Polyzou,Pomardi,Pomarès,Pombal,Pometti,Pomi,Ponchielli,Pongratz,Pons,Pont,Pontchardon,Ponti,Pontillon,Pontoni,Ponty,Pooe,Poortman,Popescu,Popotas,Popov,Popovici,Poppe,Poppmeier,Porcaro,Porcellato,Porchianelo,Poret,Porfirio,Porpurogenitos,Porro,Port,Portefait,Portenier,Posch,Poschner,Poserina,Possenti,Postel,Postinger,Postma,Postmael,Potgeiter,Poth,Potiorek,Potthof,Pouchet,Poudrier,Pouget,Poujade,Poujoulet,Poujouly,Poulet,Poulse,Poulsen,Poulus,Pouqueville,Pourchet,Poussin,Pouwelse,Pouzade,Powelse,Pozzi,Pozziano,Prada,Praet,Prandjeva,Prandzheva,Prantera,Prat,Pratkanis,Prazeres,Preaux,Preda,Preiss,Prela,Prenkpalaj,Presecan,Presle,Presser,Prestcote,Prestes,Pretorius,Pretzsch,Prevalakis,Prevoost,Prevot,Priaulx,Prideaux,Priebke,Prieler,Priemer,Prifti,Prignano,Prihoda,Primaticcio,Primeau,Primikynos,Prinosil,Prins,Prishtina,Privat,Probst,Prock,Prodan,Prodoprigora,Profanter,Profis,Prohaska,Prokler,Prolat,Propenzicotti,Properzi,Proriol,Prost,Protesi,Proust,Provins,Provolone,Provoost,Provost,Prugger,Prunea,Prys,Psaquale,Psara,Psaros,Psaroulakis,Pucci,Puccini,Puchot,Puetz,Puget,Puggioni,Puglisi,Pukstys,Pula,Pulis,Pulisfelt,Pulle,Pulszky,Punga,Puravet,Puscasu,Pusterla,Putignani,Putzer,Puylaert,Puymbroek,Taafe,Tabarant,Tabory,Tabraham,Tacchinardi,Tadini,Tadiotto,Taegert,Taelman,Tafaj,Taffarel,Taglialatela,Tagwerker,Tahiri,Tahon,Tailbot,Taillard,Taillebois,Taillepied,Taillez,Taillon,Talens,Talenti,Taliadoros,Talvace,Tammerk,Tampke,Tanlay,Tannenbaum,Tanse,Tantum,Tapanelli,Tappan,Tappen,Tarantino,Tardivel,Tarducci,Tare,Taricco,Tarkmann,Tarnat,Tarnaud,Tarquini,Tarrou,Tartaglia,Tartaxu,Tarus,Taschini,Tasso,Tatarescu,Tatari,Tathouris,Taube,Taubernberger,Täubl,Taudenrauch,Tauler,Taument,Tauretto,Tauscher,Tauziat,Tavernier,Tavoularis,Tebbel,Tedaldo,Tedeschi,Teerlinc,Teetaert,Teeuw,Teeuwe,Tegliacci,Teichmann,Teischer,Teixeira,Telek,Teleki,Tellenbach,Teller,Telleria,Tellier,Temay,Temesvari,Temry,Tenaillon,Ten Boom,Ten Brink,Tenucci,Ten Velde,Teppe,Terblanche,Ter Bork,Tere,Terenther,Ter,Haar,Terheun,Terhune,Ter,Linden,Terminiello,Ternien,Terpstra,Terragni,Terrier,Terrot,Tersteeg,Terwilleger,Terzani,Terzin,Tescari,Teschendorff,Tessedik,Tessel,Tessier,Testavallia,Testud,Tettelbach,Tettelback,Tetzel,Teubert,Teubner,Teunis,Teuniszen,Teza,Thacher,Thaci,Thaler,Thaner,Thanou,Thaon,Thaqi,Theile,Theiner,Theis,Theloke,Thenardier,Theodopoulos,Theodorakis,Theophanous,Theothanou,Theotokis,Thereson,Theriot,Theron,Theroulde,Theroux,Theunis,Theusen,Thevenet,Theysson,Thibaudet,Thibault,Thibaut,Thibedeaux,Thibourst,Thiboust,Thiebaud,Thiel,Thielens,Thielman,Thiers,Thiessen,Thijs,Thika,Thillot,Thiry,Thode,Thoen,Thoma,Thomas,Thomasse,Thomassin,Thoms,Thon,Thonis,Thonon,Thorel,Thorner,Thost,Thuel,Thul,Thulliez,Thuram,Thurneysen,Thurzó,Thyssen,Tibaldi,Tibbets,Tibon,Tibout,Tice,Tichelman,Tiedtke,Tiel,Tiele,Tieleman,Tiemessen,Tiepolo,Tietmeyer,Tietsort,Tihon,Tilba,Tilborch,Tilburg,Tilea,Tilele,Till,Tilleman,Tillens,Tilleti,Tilli,Tillini,Tillis,Tillman,Tilly,Timmer,Timmermans,Tinari,Tinel,Tintner,Tintoretto,Tiolier,Tiphaine,Tippold,Tirel,Tirlea,Tiscorinia,Tissot,Tistounet,Tisza,Titschinger,Titz,Toba,Tobel,Toccafundo,Toché,Toclive,Todorov,Todorova,Toers,Tofi,Tofoli,Tognazzi,Tökes,Tokody,Tolaj,Toldo,Tolgyesi,Tolka,Tölle,Tolo,Tolr,Tolzmann,Tomacelli,Tomasi,Tomasini,Tomba,Tomei,Tomescu,Tomi,Tommasini,Tonetti,Tontchev,Toors,Topalli,Topp,Tops,Toptani,Toraldo,Torion,Tornatore,Torok,Torres,Torriani,Torricelli,Torrigiani,Torrigiano,Torrisi,Torriti,Tortelier,Tortellier,Torteval,Tortima,Tortorella,Toscanelli,Toselli,Toth,Toto,Touchet,Touers,Touliatos,Tour¾,Tourette,Tourlaville,Tourmente,Tournachon,Tournai,Tournebulle,Tournebut,Tourneur,Tourneville,Tournikiotis,Tourret,Toussaint,Toustain,Toutain,Toyé,Tozzi,Tragianopoulos,Tramacchi,Tranchant,Trantinon,Traore,Traphagen,Trappette,Traultmann,Trauner,Trauttmann,Travada,Travanti,Travassos,Traversari,Traversoni,Travolta,Trebert,Treffen,Trelles,Trelli,Tremblay,Trenet,Trentin,Treppel,Treto,Trettel,Treurnicht,Treveiler,Trevino,Trezeguet,Trezza,Tribes,Trichardt,Trico,Triep,Triest,Trifu,Trigoso,Trikoupis,Trillo,Trinci,Trinkl,Trintignant,Troester,Troger,Tromp,Troshani,Troubal,Troussier,Truyens,Tsakolov,Tsaldaris,Tsankov,Tsatsos,Tsavdaridou,Tschanz,Tschetter,Tschopp,Tsiamita,Tsigakou,Tsikouna,Tsiolakoudi,Tsirigolis,Tsirimokos,Tsolakoglou,Tsoni,Tsouderos,Tsougarakis,Tsoutsouvas,Tsvetanov,Tsyoma,Tucci,Tuch,Tudor,Tuegel,Tugurlan,Tulles,Tullier,Tuomino,Turck,Turco,Turgeon,Turicchia,Turina,Turquet,Turrini,Tuttwitz,Tuyl,Tuzzi,Txertudi,Tzannetakis,Tzeka,Tzelili,Tzivas,Tzvetanov,Zabala,Zabaleta,Zabarte,Zabel,Zabelle,Zabriskie,Zacagnini,Zafiropoulos,Zagallo,Zagreda,Zahn,Zaïmis,Zaituc,Zakhariadis,Zalacain,Zaldibar,Zaman,Zamarripa,Zambaco,Zambello,Zambrana,Zampieri,Zanardi,Zanelli,Zanetti,Zanotti,Zarandona,Zarazua,Zaretti,Zarikos,Zarranz,Zarrasbeitia,Zatarain,Zatony,Zavadsky,Zazueta,Zdravkov,Zech,Zechlin,Zedlacher,Zeelenberg,Zegers,Zehb,Zeiler,Zeimoto,Zeklos,Zendegi,Zenden,Zeri,Zerillo,Zerman,Zervakos,Zervas,Zettel,Zetter,Zetterberg,Zetterlund,Zhelov,Zhivko,Zhivkov,Zhugli,Zhulati,Zhuzhumi,Ziberi,Zie,Ziebosch,Zieff,Ziege,Zielke,Ziesemer,Ziewe,Ziganda,Zijlstra,Zikos,Zilli,Zimmerman,Zimmermann,Zimolo,Zindilis,Zingler,Zingre,Zink,Zinsli,Zinzendorff,Zipperling,Zisimides,Zobel,Zoeber,Zoecke,Zoeggler,Zoeller,Zoepfel,Zoepfl,Zoffoli,Zogjani,Zographas,Zogu,Zoïtakis,Zola,Zolotas,Zonta,Zoppo,Zoravkov,Zornoza,Zorzi,Zozaia,Zrínyi,Zsivozky,Zsoldos,Zubizarreta,Zubor,Zubriggen,Zuccarello,Zuccaro,Zuelle,Zufiaurre,Zufiria,Zukanov,Zuleta,Zulle,Zuniga,Zurbrugg,Zurutuza,Zuyderwyk,Zuzuarregi,Zweig,Zweistra,Zylberstein,Faas,Fabel,Fabre,Fabroni,Faby,Facchini,Faceby,Fachinetti,Faerber,Fagatti,Fagnini,Fah,Faille,Faintree,Fakaj,Falaise,Falatti,Falchonelli,Falck,Falcon,Falconieri,Falcoz,Fallières,Fallmerayer,Fammeree,Fangio,Fantin,Fantini,Fantosme,Farakos,Farbman,Farentino,Farinelli,Farkas,Farmand,Farner,Farnese,Farry,Fasanaro,Fasch,Fasola,Fasoli,Fasquelle,Fass,Fassbaender,Fassbinder,Fassi,Fassnacht,Fatorini,Fattori,Fauche,Fauchlevent,Faucon,Faulhaber,Fauner,Faure,Faust,Fausti,Faustmann,Fausto,Fauvel,Favour,Favre,Favreau,Fazekas,Fazio,Fazliu,Feake,Fébre,Fecamp,Fede,Fedele,Feher,Fehrenbacher,Fei,Feiersinger,Feijo,Feimer,Feinblatt,Feistkorn,Feiter,Feitor,Feitz,Felbiger,Felder,Feldhahn,Felitti,Felix,Felke,Feller,Femia,Fen,Fendler,Fénéon,Fenner,Férat,Ferdinandus,Ferency,Ferga,Fergant,Fernandes,Fernau,Feroci,Feroulet,Ferques,Ferrara,Ferrari,Ferrario,Ferraris,Ferraro,Ferraroti,Ferrero,Ferretti,Ferri,Ferrier,Ferrieres,Ferrua,Ferschtman,Ferseur,Fersten,Fersyeur,Ferttet,Ferzetti,Fessler,Festa,Fesyeur,Fetscher,Fettas,Fette,Feu,Feuerstein,Fevre,Feydeau,Feynman,Fiacconi,Fibonacci,Ficher,Fichte,Fichter,Fidatof,Fidatov,Fiere,Fierens,Fiermonte,Fiers,Fies,Fiesco,Fiesole,Fieveris,Figini,Figo,Figueiredo,Figuiera,Figura,Filareta,Filarete,Filefo,Filho,Filion,Filipescu,Filipov,Fillinger,Finance,Fingerlos,Finiguerra,Fink,Finkbiner,Finocciaro,Finucene,Fioravanti,Fiorelli,Fiorentino,Fiori,Fioroli,Fioupou,Fiquet,Firkusny,Fischer,Fischetti,Fischhauer,Fischhof,Fischler,Fisichella,Fissler,Fitipaldi,Fittipaldi,Fitzalan,Fitzherbert,Fitzhugh,Fitzroy,Fivet,Flambard,Flambeau,Flaubert,Flavigny,Fleck,Flegmann,Flesch,Fleury,Flicke,Fliegle,Fliehman,Flierboom,Floca,Flor,Florakis,Floray,Florea,Florent,Florido,Florimo,Florioli,Floris,Flory,Flotard,Fluitsma,Fo,Foa,Fobes,Foch,Focquet,Födes,Foerster,Fofão,Fogel,Foldenyi,Folena,Folet,Foletier,Folha,Foliot,Fonda,Fondaire,Fones,Fonnereau,Fontanesi,Fontang,Fontemai,Fontenay,Fonteyre,Fonzarelli,Fonzi,Fonzio,Foos,Foray,Forcella,Foree,Foreville,Forgách,Forgacs,Forgeard,Forget,Forissier,Fornasari,Forneris,Forquaist,Forqueray,Forquest,Fortichiari,Fortini,Fortunato,Foruria,Foshuer,Fossard,Fossati,Fostroy,Foubert,Foucan,Foucault,Foucher,Foucras,Fougeres,Foulon,Foulques,Fouques,Fouquet,Fourier,Fourneaux,Fournier,Foury,Foy,Fraenckel,Fraigneau,Framan,Frana,Francen,Franchescetti,Francheschini,Franchet,Franchi,Franchitti,Francillon,Francioni,Franciosa,Franck,Francolini,Frangilli,Frangipani,Franke,Frankenheimer,Frankenstein,Frankl,Franquemont,Frans,Franse,Fransse,Franssen,Franssens,Fransz,Frasheri,Frassetto,Frati,Frattasio,Frauenfelder,Frece,Frechette,Fredericks,Frederiks,Fredrick,Fredricks,Fredrickse,Fredrickszen,Freigang,Freindametz,Fremont,Frena,Freni,Frenkiel,Frenzel,Frequesse,Freschi,Fresi,Fresle,Freude,Freund,Fribois,Fried,Friedberg,Friedeck,Friedek,Friedel,Friedensburg,Friedjung,Friedlander,Friedmann,Frielinghaus,Fries,Friesinger,Friquest,Frissyn,Fritsch,Fritsche,Friuli,Frizzini,Froberger,Froebel,Froehucher,Froelich,Frohlich,Froissart,Fromentin,Fromme,Frommel,Frondeville,Fruehwirt,Frugoni,Fruhwirth,Fruquest,Frutaz,Fruytier,Fruytiers,Fubini,Fuchillo,Fuchs,Fugard,Fugazzi,Fugosi,Fumon,Funck,Funicello,Funk,Funke,Furillo,Furio,Furlan,Furnival,Furnon,Fusar-Poli,Fuseli,Fuser,Füster,Futre,Uberuaga,Ugaldea,Ugarte,Ugolino,Uguccione,Ugurgieri,Uhlirz,Uiberall,Uitgeverij,Ujaky,Ule,Ulleri,Ullmannn,Umstaedter,Unamunzaga,Unangue,Underdonk,Unger,Ungerer,Ungureanu,Unterzuber,Unzilla,Upert,Urbanik,Urdangarin,Urdanibia,Urenga,Ureta,Uriaga,Uriarte,Uribe,Urionaguena,Urioste,Urizabal,Urkijo,Urkiza,Urrea,Urrestilla,Urrizola,Urrutia,Urruzuno,Urry,Urtega,Urzica,Useni,Utpadel,Baal,Baans,Baatz,Babbel,Babel,Baboescu,Bacardi,Bacha,Bachelin,Bacher,Bachert,Bacheva,Bachiler,Bachman,Bacht,Bachuijs,Bachus,Backeljauw,Backstadt,Backstedt,Badaloni,Badeau,Badem,Badeni,Badie,Badinter,Badoglio,Badre,Baeker,Baert,Baertschi,Baetens,Baffi,Baggio,Bagio,Bagliani,Bagula,Bahn,Bahnsen,Baia,Baiano,Baier,Baigelman,Baignard,Baijot,Baille,Bailleul,Baillieu,Bainard,Baio,Baix,Bajraktari,Bajrami,Bajramovic,Bakaikoa,Bakel,Bakics,Bakirdzis,Bakogianni,Balakov,Balandier,Balani,Balanos,Balanque,Balassa,Balbo,Balcescu,Balck,Baldaro,Baldato,Baldini,Balenziaga,Balerdi,Balev,Balibar,Baliol,Balitiu,Balk,Balla,Ballan,Ballanger,Ballard,Ballerat,Ballerini,Balleroy,Ballou,Ballu,Balsamo,Balsemao,Baltar,Baltistuzzi,Baltz,Baluze,Balzar,Balzer,Bambach,Banatoni,Banciu,Banckert,Banditelli,Banfi,Bangue,Banica,Banquet,Bant,Banta,Barat,Barati,Baratta,Baratte,Barattin,Barbadori,Barbarigo,Barberi,Barberie,Barberini,Barberino,Barbier,Barbieri,Barbieur,Barbirolli,Barbiusa,Barbo,Barbosa,Barbu,Barbusse,Bardelli,Bardha,Bardhi,Bardi,Bardici,Bardot,Bardou,Bardulla,Bare,Bareau,Barentse,Barentstochter,Barentsze,Bari,Bariani,Barichello,Barinaga,Barkai,Barkentin,Barlini,Barna,Barneveld,Barnutiu,Barola,Baroncelli,Baronti,Barrachina,Barrenechea,Barres,Barret,Barreto,Barretti,Barrios,Barros,Barrutia,Bársony,Bartels,Barth,Barthez,Bartholds,Bartholdy,Bartholf,Barthou,Bartoccini,Bartok,Bartolf,Bartoli,Bartolini,Bartolone,Barturen,Baruffaldi,Bary,Basaglia,Basagoitia,Basalini,Basanez,Basile,Basirius,Baskaran,Basler,Basnage,Bassano,Basset,Bassiere,Bassis,Bastarretxea,Bastedo,Bastegieta,Bastiani,Bastida,Bastide,Bastnagel,Bastos,Basurto,Batchev,Batens,Bateu,Báthory,Batiffol,Batistuta,Batlle,Batoni,Battaglia,Batte,Batticelli,Battistella,Battllori,Bauchennss,Baudart,Baudelaire,Baudendistel,Baudet,Baudouin,Baudry,Bauer,Baujot,Bauldry,Bäumer,Baumgaertel,Baumgart,Baumont,Baumschlager,Baune,Bauquemare,Baur,Baus,Bautain,Bauwens,Bavent,Baxterrika,Bayens,Bayerl,Bayerlein,Bayt,Bazhunaishvili,Bazignos,Bazille,Bazire,Bea,Beakes,Beal,Beam,Beauchaud,Beaumanoir,Beaumarchais,Beaumont,Beauregard,Beautell,Beauvais,Beauvallet,Becart,Beccatini,Becchetti,Becdelièvre,Bechmann,Bechstein,Beck,Becker,Becot,Bedard,Bedeschi,Bedurftig,Beduzzi,Beeldens,Beer,Beerbaum,Beeres,Begemann,Begerow,Behle,Behner,Behney,Behrendt,Behringer,Beimler,Beineix,Beirnaert,Beitia,Bejko,Bejta,Bek,Bekker,Beklea,Belchat,Belcour,Bele,Belet,Belgraver,Belkacem,Bellaits,Bellarmine,Bellecote,Bellier,Bellini,Belloi,Belloli,Bellot,Belludi,Belmis,Belmon,Belmondo,Belododia,Beltrametti,Beltran,Bembo,Benarrivo,Benazi,Benda,Bendinelli,Benedettini,Benetti,Benetton,Benichou,Benincasa,Benizi,Bennarivo,Beno,Benoist,Benoit,Benoldi,Benscheidt,Benson,Bentele,Benth,Benyacs,Benz,Beobide,Berangere,Berardi,Berasategui,Beraza,Berbizier,Berchet,Berchoven,Bercovici,Berdan,Berden,Berens,Bergara,Berge,Bergen,Berger,Bergerat,Berghahn,Bergkamp,Bergomi,Bergonzi,Beringar,Beriou,Berisha,Berishaj,Berlinghieri,Berlinguer,Bermani,Bermont,Bernadaux,Bernadis,Bernadotte,Bernard,Bernardi,Bernasconi,Bernat,Berneker,Berneri,Berners,Bernhoffer,Bernier,Bernières,Bernini,Bernoldi,Bernotti,Bernstein,Berriex,Berriz,Berruti,Bertetto,Berthold,Bertholf,Berthome,Berti,Bertillon,Bertin,Bertoletti,Bertolini,Bertolucci,Bertoluchi,Berton,Bertone,Bertoni,Bertotten,Bertran,Berty,Bervoets,Berzevicky,Besaçon,Besanceney,Bescanceny,Besonhé,Bessa,Bessarion,Besse,Bessette,Bessi,Besson,Bessy,Bester,Beteille,Bethmann,Betker,Betrutti,Betsch,Bettinelli,Bettini,Bettiza,Beukema,Beul¾,Bevis,Beyer,Beyleveld,Beylier,Bezace,Bezuyen,Bezzenberg,Biacchi,Bianchetti,Bianchi,Bianchini,Bianco,Biaram,Biavaschi,Bidaola,Bidaurreta,Biebow,Biedermeier,Biele,Bielenberg,Bielenstein,Bieler,Bierhoff,Biestman,Bietak,Biez,Bigeard,Bigeois,Bigica,Bigot,Bihlmeyer,Bikandi,Bildostegi,Bilencourt,Billerey,Billius,Bills,Bimbenet,Binaghi,Binder,Binoche,Binus,Biondi,Birindelli,Birnbaum,Bisaillon,Bischoff,Bischoffshausen,Bislimi,Biteri,Bitschi,Bittenbinder,Bittinger,Bittner,Bizi,Bizos,Blacque,Blaga,Blagoev,Blaikie,Blaku,Blanc,Blancbaston,Blanchard,Blanche,Blanck,Blanco,Blandiana,Blangi,Blank,Blasser,Blassneck,Blauvelt,Blazsanyik,Bleekemolen,Bleeker,Bleneau,Blenker,Bleom,Blerinca,Blevigne,Bleyck,Bleyenberg,Bliche,Blijlevens,Blind,Blinkerhof,Bloch,Block,Bloeckner,Bloem,Blom,Blòmel,Blommaert,Blommen,Blondeau,Blondel,Bloodgood,Blosbeville,Blouet,Blouin,Blum,Blumberger,Blume,Bluteau,Bo,Boas,Boazza,Bobbio,Bobo,Bobot,Bocande,Boccanegra,Boccanera,Boccapecci,Boccasino,Boccherini,Bocci,Bochette,Bochinsky,Bock,Bockhold,Bocquet,Bocskay,Bodart,Bode,Bodei,Boden,Bodenheimer,Boderode,Body,Boeke,Boel,Boenne,Boertgens,Boerth,Boeuf,Boeyhaert,Boeykens,Bogaardt,Bogaert,Bogarde,Bogardus,Bogart,Bogen,Bogert,Bogliolo,Bogoescu,Bohland,Bohlen,Bohm,Bohman,Böhmer,Bohon,Bohringer,Boileau,Boirot,Bois,Boisellier,Boisivon,Boislevesque,Boissel,Boitano,Boivin,Boja,Boje,Bojilov,Bojin,Bolam,Bolbec,Boldrini,Bolgheri,Bolla,Bollaert,Bollati,Bollens,Boller,Bolm,Bolognesi,Bologni,Bolsens,Bolsius,Bolssens,Bolzoni,Bombacci,Bomberger,Bommarito,Bompiano,Bonaccorsi,Bonacelli,Bonacieux,Bonaiceti,Bonaiuncta,Bonaly,Bonamoni,Bonamy,Bonauiti,Boncompagni,Bondeville,Bondoufle,Bonel,Bonelli,Bonello,Bonen,Bonenffant,Bonet,Boneta,Boneth,Bonfrere,Bongaert,Bonger,Bongert,Bonifacio,Bonizo,Bonn,Bonnard,Bonnat,Bonnefroy,Bonnel,Bonner,Bonneville,Bonnissel,Bonnot,Bonometti,Bonomi,Bontempi,Bontin,Bontoux,Bonvalet,Bonvoisin,Bony,Boodts,Boogaard,Boogert,Boome,Boomer,Boon,Boone,Bopurgin,Borain,Borbala,Borbokis,Borcellino,Bordeaux,Bordel,Bordelon,Borden,Bordieu,Bordiga,Bordon,Bordreuil,Bordui,Bordurin,Bore¾,Borély,Borev,Borgeling,Borghese,Borghi,Borghini,Borgond,Bori,Borimirov,Bormann,Born,Boroi,Boros,Borot,Borreco,Borromeo,Borromini,Borsellino,Borunda,Boryn,Bos,Bosanquet,Bosc,Boscardin,Bosch,Boscocuro,Boshnjaku,Bosiet,Bosio,Bosler,Bosman,Bosquet,Bossard,Bosse,Bossicar,Bossoire,Bostel,Boteler,Botelho,Boterel,Botes,Botev,Botha,Boti,Botiglieri,Botin,Botsaris,Bottanet,Botte,Bottello,Bottesini,Botticelli,Bouchard,Bouchet,Bouchez,Bouchier,Boucquet,Boud,Boudin,Boudouani,Boudouris,Bougart,Boughé,Bouic,Bouillon,Boulais,Boulange,Boulez,Boulianne,Boulineau,BoulotTolle,Bourassa,Bourchier,Bourdekin,Bourdet,Bourdieu,Bourdin,Bourdy,Bourel,Bourelly,Bourgani,Bourgeat,Bourgeau,Bourgeoys,Bourget,Bourgoing,Bourgonje,Bourgouin,Bourlet,Bourneuf,Bourneville,Bourque,Boursier,Boursin,Bouscholte,Boussac,Boussod,Boutard,Boutayre,Boutellier,Bouteyre,Boutiette,Boutin,Boutron,Boutter,Bouvard,Bouvron,Bouwer,Bovie,Boyer,Boyette,Boymans,Bozon,Bozzetto,Braasch,Bracci,Bracciolini,Bracco,Bracher,Brack,Brackmann,Braconie,Braconnier,Bracquemond,Bradt,Bradwardine,Braem,Bragaghio,Bragantini,Bragger,Brai,Bramante,Bramati,Branca,Brancati,Branco,Brandi,Brandini,Brandl,Brando,Brandoni,Braschi,Brasco,Brassard,Brasseur,Bratiano,Bratianu,Brattbakk,Braud,Braudel,Braun,Braund,Brauner,Braunsberger,Braunsteiner,Brazzi,Brebeuf,Brébeuf,Brecht,Brechu,Bredder,Bredenbent,Brees,Bregar,Bregmestre,Bregonzi,Brehaut,Brehmer,Brehn,Breinlich,Breitling,Breitmayer,Brem,Brembilla,Bremini,Brendel,Brenden,Brenet,Brenner,Brennicke,Brentjens,Brereton,Brescia,Bresciani,Bretel,Breteuil,Breton,Bréton,Bretteville,Breu,Breuer,Breughel,Breukink,Brèvedent,Brevort,Breyandt,Breytenbach,Brezeanu,Brezin,Brezzi,Briane,Briatore,Briatori,Brimou,Brindal,Brink,Brinkerhoff,Brinon,Brion,Briot,Briouse,Briquet,Briqueville,Brissaud,Brissault,Brisson,Brits,Brix,Broc,Brocard,Broccoli,Brochard,Brochet,Broci,Brockhaus,Broeckaert,Broissia,Bronckhorst,Brosseau,Brott,Brouset,Broussard,Brout,Brouwer,Brouzet,Brower,Brozi,Brubaker,Bruch,Brück,Bruckner,Brucy,Brugger,Brugmann,Brugmans,Bruhne,Bruijn,Brulois,Brune,Bruneau,Brunelleschi,Brunet,Brunetti,Bruni,Brunius,Brunn,Brunner,Bruno,Bruns,Bruyas,Bruylant,Bruyn,Brys,Bryssinck,Buanoroti,Bucci,Bucer,Buchalter,Buchert,Buchholz,Buchleitner,Buchner,Bucholtz,Buchon,Buci,Budé,Buder,Budi,Budo,Buelens,Buenaventura,Buettner,Bufi,Bugge,Buhle,Buhler,Buia,Buikema,Buisson,Bujold,Bukhalov,Buksbaum,Bulgarini,Bulli,Buma,Bumbescu,Bunge,Bunjaku,Bunul,Buon,Buonaiuti,Buonconte,Buozzi,Buque,Burchard,Burci,Burdg,Burgaleta,Burgdorf,Burger,Burghardt,Burghgraeve,Burgis,Burgoa,Burgsmuller,Burguet,Burian,Burin,Burkholder,Burm,Burmann,Burnstein,Buron,Burpo,Bursigni,Burti,Burtin,Burtis,Burty,Burville,Busald,Buscan,Busch,Buschmann,Busemann,Busenello,Buser,Bushaj,Bushati,Busnois,Buso,Busoni,Busquent,Buss,Bussotti,Busto,Butacu,Büttner,Buttone,Buys,Buytaert,Buzaine,Buzoku,Buzzacarina,Bytygi,Eberharter,Eberle,Ebersole,Ebner,Eby,Eccelino,Ecenarro,Eckener,Eckert,Eckhart,Eckhaus,Eckhel,Eckholdt,Eckstein,Economakis,Economou,Ecouland,Edelman,Edelmann,Edema,Eder,Edhino,Edvrch,Eeckelaert,Ega,Egana,Egbertse,Egborts,Egerman,Egerszegi,Eggen,Egger,Egues,Ehle,Ehlers,Ehlinger,Ehmsperger,Ehrenburg,Ehrnsperger,Ehuletche,Eich,Eichendorf,Eichhorn,Eichmann,Eick,Eifert,Eigner,Eiguren,Eilts,Einaudi,Einbund,Einsidel,Einstein,Eirich,Eisler,Ekker,Elby,Elejalde,Eler,Elers,Elezi,Elgezabal,Eliade,Eliades,Elien,Elipandas,Elizalde,Ella,Ellinas,Elseneer,Elsesser,Elting,Eltingh,Emans,Embich,Embil,Emden,Emery,Emiliani,Eminescu,Emini,Emory,Emperaire,Emrich,Enatarriaga,Enck,Endress,Endresz,Ene,Eneriz,Enescu,Engel,Engels,Engelsman,Engemann,Engerrand,Engl,Ennes,Ennis,Ensminger,Ensslin,Entremont,Eötvös,Eparvier,Ephrussi,Epke,Epkese,Eppstein,Erasmus,Erb,Erbetto,Erdei,Erdmann,Ereau,Ereiwitz,Eremitani,Erhardt,Erhart,Erignac,Eriq,Erk,Erlang,Erler,Ermenault,Ermigarat,Ernaut,Erndt,Ernst,Erondelle,Eronilde,Erquemboure,Errazti,Errea,Erregeers,Errekart,Erro,Ersler,Erstweiler,Ertl,Ertze,Eruzione,Escarzaga,Esch,Eschelm,Eschenbach,Escoubes,Escoutou,Escude,Escz,Esini,Eskibel,Espec,Esposito,Esprit,Essig,Esteney,Esterhuysen,Esterl,Etcheberry,Etsels,Ettenhoffer,Ettinger,Ettingshausen,Ettmuller,Eturaspe,Etxabeguren,Etxaurren,Etxazarreta,Etxebarne,Etxebarria,Etxegarai,Etxegorri,Etxeleku,Etxenike,Etxenoz,Etxeto,Eubel,Evangelista,Evelyn,Eveque,Evers,Everse,Everts,Evertszen,Evigan,Evola,Evrard,Ewen,Ewig,Ewout,Exel,Eyheralde,Ezkarra,Ezkiaga